-- --------------------------------------------------------
-- Host:                         127.0.0.1
-- Server version:               8.0.29 - MySQL Community Server - GPL
-- Server OS:                    Win64
-- HeidiSQL Version:             11.2.0.6213
-- --------------------------------------------------------

/*!40101 SET @OLD_CHARACTER_SET_CLIENT=@@CHARACTER_SET_CLIENT */;
/*!40101 SET NAMES utf8 */;
/*!50503 SET NAMES utf8mb4 */;
/*!40014 SET @OLD_FOREIGN_KEY_CHECKS=@@FOREIGN_KEY_CHECKS, FOREIGN_KEY_CHECKS=0 */;
/*!40101 SET @OLD_SQL_MODE=@@SQL_MODE, SQL_MODE='NO_AUTO_VALUE_ON_ZERO' */;
/*!40111 SET @OLD_SQL_NOTES=@@SQL_NOTES, SQL_NOTES=0 */;




-- Dumping structure for table cgpa.c_g_p_a_s
CREATE TABLE IF NOT EXISTS `c_g_p_a_s` (
  `id` bigint unsigned NOT NULL AUTO_INCREMENT,
  `created_at` timestamp NULL DEFAULT NULL,
  `updated_at` timestamp NULL DEFAULT NULL,
  `semester_id` int NOT NULL,
  `student_id` int NOT NULL,
  `cgpa` int NOT NULL,
  `status` int NOT NULL,
  PRIMARY KEY (`id`)
) ENGINE=InnoDB DEFAULT CHARSET=utf8mb4 COLLATE=utf8mb4_unicode_ci;

-- Dumping data for table cgpa.c_g_p_a_s: ~0 rows (approximately)
/*!40000 ALTER TABLE `c_g_p_a_s` DISABLE KEYS */;
/*!40000 ALTER TABLE `c_g_p_a_s` ENABLE KEYS */;

-- Dumping structure for table cgpa.departments
CREATE TABLE IF NOT EXISTS `departments` (
  `id` bigint unsigned NOT NULL AUTO_INCREMENT,
  `created_at` timestamp NULL DEFAULT NULL,
  `updated_at` timestamp NULL DEFAULT NULL,
  `name` varchar(255) COLLATE utf8mb4_unicode_ci NOT NULL,
  `desc` varchar(255) COLLATE utf8mb4_unicode_ci NOT NULL,
  `status` int NOT NULL,
  PRIMARY KEY (`id`)
) ENGINE=InnoDB AUTO_INCREMENT=10 DEFAULT CHARSET=utf8mb4 COLLATE=utf8mb4_unicode_ci;

-- Dumping data for table cgpa.departments: ~0 rows (approximately)
/*!40000 ALTER TABLE `departments` DISABLE KEYS */;
INSERT INTO `departments` (`id`, `created_at`, `updated_at`, `name`, `desc`, `status`) VALUES
	(1, NULL, NULL, 'Civil Technology', 'Diploma - in-Engineering Civil Technology', 1),
	(6, NULL, NULL, 'Electronics Technology', 'Diploma - in-Engineering Electronics Technology', 1),
	(7, NULL, NULL, 'Computer Technology ', 'Diploma - in-Engineering Computer Technology ', 1),
	(8, NULL, NULL, 'Mechanical Technology', 'Diploma - in-Engineering Mechanical Technology', 1),
	(9, NULL, NULL, 'Electrical Technology', 'Diploma - in-Engineering Electrical Technology', 1);
/*!40000 ALTER TABLE `departments` ENABLE KEYS */;

-- Dumping structure for table cgpa.exams
CREATE TABLE IF NOT EXISTS `exams` (
  `id` bigint unsigned NOT NULL AUTO_INCREMENT,
  `created_at` timestamp NULL DEFAULT NULL,
  `updated_at` timestamp NULL DEFAULT NULL,
  `student_id` int NOT NULL,
  `depertment` int NOT NULL,
  `semester` int NOT NULL,
  `subject` int NOT NULL,
  `mark` int NOT NULL,
  `status` int NOT NULL,
  PRIMARY KEY (`id`)
) ENGINE=InnoDB AUTO_INCREMENT=2501 DEFAULT CHARSET=utf8mb4 COLLATE=utf8mb4_unicode_ci;

-- Dumping data for table cgpa.exams: ~0 rows (approximately)
/*!40000 ALTER TABLE `exams` DISABLE KEYS */;
INSERT INTO `exams` (`id`, `created_at`, `updated_at`, `student_id`, `depertment`, `semester`, `subject`, `mark`, `status`) VALUES
	(1, '2022-11-13 23:50:59', '2022-11-13 23:50:59', 1, 7, 1, 66611, 74, 1),
	(2, '2022-11-13 23:50:59', '2022-11-13 23:50:59', 1, 7, 1, 66712, 133, 1),
	(3, '2022-11-13 23:50:59', '2022-11-13 23:50:59', 1, 7, 1, 65911, 155, 1),
	(4, '2022-11-13 23:50:59', '2022-11-13 23:50:59', 1, 7, 1, 65912, 97, 1),
	(5, '2022-11-13 23:50:59', '2022-11-13 23:50:59', 1, 7, 1, 65711, 151, 1),
	(6, '2022-11-13 23:50:59', '2022-11-13 23:50:59', 1, 7, 1, 65712, 12, 1),
	(7, '2022-11-13 23:50:59', '2022-11-13 23:50:59', 1, 7, 1, 65812, 23, 1),
	(8, '2022-11-13 23:50:59', '2022-11-13 23:50:59', 1, 7, 2, 66621, 5, 1),
	(9, '2022-11-13 23:50:59', '2022-11-13 23:50:59', 1, 7, 2, 66622, 47, 1),
	(10, '2022-11-13 23:50:59', '2022-11-13 23:50:59', 1, 7, 2, 66623, 86, 1),
	(11, '2022-11-13 23:50:59', '2022-11-13 23:50:59', 1, 7, 2, 66823, 114, 1),
	(12, '2022-11-13 23:50:59', '2022-11-13 23:50:59', 1, 7, 2, 65921, 155, 1),
	(13, '2022-11-13 23:50:59', '2022-11-13 23:50:59', 1, 7, 2, 65922, 167, 1),
	(14, '2022-11-13 23:50:59', '2022-11-13 23:50:59', 1, 7, 2, 65722, 50, 1),
	(15, '2022-11-13 23:50:59', '2022-11-13 23:50:59', 1, 7, 3, 66631, 88, 1),
	(16, '2022-11-13 23:50:59', '2022-11-13 23:50:59', 1, 7, 3, 66632, 30, 1),
	(17, '2022-11-13 23:50:59', '2022-11-13 23:50:59', 1, 7, 3, 66633, 86, 1),
	(18, '2022-11-13 23:50:59', '2022-11-13 23:50:59', 1, 7, 3, 66634, 53, 1),
	(19, '2022-11-13 23:50:59', '2022-11-13 23:50:59', 1, 7, 3, 65931, 57, 1),
	(20, '2022-11-13 23:50:59', '2022-11-13 23:50:59', 1, 7, 3, 65913, 47, 1),
	(21, '2022-11-13 23:50:59', '2022-11-13 23:50:59', 1, 7, 3, 65811, 4, 1),
	(22, '2022-11-13 23:50:59', '2022-11-13 23:50:59', 1, 7, 4, 66641, 8, 1),
	(23, '2022-11-13 23:50:59', '2022-11-13 23:50:59', 1, 7, 4, 66642, 32, 1),
	(24, '2022-11-13 23:50:59', '2022-11-13 23:50:59', 1, 7, 4, 66643, 30, 1),
	(25, '2022-11-13 23:50:59', '2022-11-13 23:50:59', 1, 7, 4, 66644, 72, 1),
	(26, '2022-11-13 23:50:59', '2022-11-13 23:50:59', 1, 7, 4, 66645, 41, 1),
	(27, '2022-11-13 23:50:59', '2022-11-13 23:50:59', 1, 7, 4, 66842, 139, 1),
	(28, '2022-11-13 23:50:59', '2022-11-13 23:50:59', 1, 7, 4, 65841, 11, 1),
	(29, '2022-11-13 23:50:59', '2022-11-13 23:50:59', 1, 7, 5, 66651, 150, 1),
	(30, '2022-11-13 23:50:59', '2022-11-13 23:50:59', 1, 7, 5, 66652, 13, 1),
	(31, '2022-11-13 23:50:59', '2022-11-13 23:50:59', 1, 7, 5, 66653, 91, 1),
	(32, '2022-11-13 23:50:59', '2022-11-13 23:50:59', 1, 7, 5, 66654, 62, 1),
	(33, '2022-11-13 23:50:59', '2022-11-13 23:50:59', 1, 7, 5, 66655, 63, 1),
	(34, '2022-11-13 23:50:59', '2022-11-13 23:50:59', 1, 7, 5, 66656, 97, 1),
	(35, '2022-11-13 23:50:59', '2022-11-13 23:50:59', 1, 7, 5, 65851, 60, 1),
	(36, '2022-11-13 23:50:59', '2022-11-13 23:50:59', 1, 7, 6, 66661, 83, 1),
	(37, '2022-11-13 23:50:59', '2022-11-13 23:50:59', 1, 7, 6, 66662, 67, 1),
	(38, '2022-11-13 23:50:59', '2022-11-13 23:50:59', 1, 7, 6, 66663, 6, 1),
	(39, '2022-11-13 23:50:59', '2022-11-13 23:50:59', 1, 7, 6, 66664, 61, 1),
	(40, '2022-11-13 23:50:59', '2022-11-13 23:50:59', 1, 7, 6, 66660, 55, 1),
	(41, '2022-11-13 23:50:59', '2022-11-13 23:50:59', 1, 7, 6, 64054, 5, 1),
	(42, '2022-11-13 23:50:59', '2022-11-13 23:50:59', 1, 7, 6, 65852, 23, 1),
	(43, '2022-11-13 23:50:59', '2022-11-13 23:50:59', 1, 7, 7, 66671, 135, 1),
	(44, '2022-11-13 23:50:59', '2022-11-13 23:50:59', 1, 7, 7, 66672, 44, 1),
	(45, '2022-11-13 23:50:59', '2022-11-13 23:50:59', 1, 7, 7, 66673, 17, 1),
	(46, '2022-11-13 23:50:59', '2022-11-13 23:50:59', 1, 7, 7, 66674, 123, 1),
	(47, '2022-11-13 23:50:59', '2022-11-13 23:50:59', 1, 7, 7, 66675, 68, 1),
	(48, '2022-11-13 23:50:59', '2022-11-13 23:50:59', 1, 7, 7, 66670, 90, 1),
	(49, '2022-11-13 23:50:59', '2022-11-13 23:50:59', 1, 7, 7, 65853, 29, 1),
	(50, '2022-11-13 23:50:59', '2022-11-13 23:50:59', 1, 7, 8, 0, 69, 1),
	(51, '2022-11-13 23:50:59', '2022-11-13 23:50:59', 2, 7, 1, 66611, 66, 1),
	(52, '2022-11-13 23:50:59', '2022-11-13 23:50:59', 2, 7, 1, 66712, 155, 1),
	(53, '2022-11-13 23:50:59', '2022-11-13 23:50:59', 2, 7, 1, 65911, 192, 1),
	(54, '2022-11-13 23:50:59', '2022-11-13 23:50:59', 2, 7, 1, 65912, 128, 1),
	(55, '2022-11-13 23:51:00', '2022-11-13 23:51:00', 2, 7, 1, 65711, 137, 1),
	(56, '2022-11-13 23:51:00', '2022-11-13 23:51:00', 2, 7, 1, 65712, 33, 1),
	(57, '2022-11-13 23:51:00', '2022-11-13 23:51:00', 2, 7, 1, 65812, 38, 1),
	(58, '2022-11-13 23:51:00', '2022-11-13 23:51:00', 2, 7, 2, 66621, 21, 1),
	(59, '2022-11-13 23:51:00', '2022-11-13 23:51:00', 2, 7, 2, 66622, 66, 1),
	(60, '2022-11-13 23:51:00', '2022-11-13 23:51:00', 2, 7, 2, 66623, 20, 1),
	(61, '2022-11-13 23:51:00', '2022-11-13 23:51:00', 2, 7, 2, 66823, 120, 1),
	(62, '2022-11-13 23:51:00', '2022-11-13 23:51:00', 2, 7, 2, 65921, 173, 1),
	(63, '2022-11-13 23:51:00', '2022-11-13 23:51:00', 2, 7, 2, 65922, 125, 1),
	(64, '2022-11-13 23:51:00', '2022-11-13 23:51:00', 2, 7, 2, 65722, 14, 1),
	(65, '2022-11-13 23:51:00', '2022-11-13 23:51:00', 2, 7, 3, 66631, 17, 1),
	(66, '2022-11-13 23:51:00', '2022-11-13 23:51:00', 2, 7, 3, 66632, 80, 1),
	(67, '2022-11-13 23:51:00', '2022-11-13 23:51:00', 2, 7, 3, 66633, 39, 1),
	(68, '2022-11-13 23:51:00', '2022-11-13 23:51:00', 2, 7, 3, 66634, 73, 1),
	(69, '2022-11-13 23:51:00', '2022-11-13 23:51:00', 2, 7, 3, 65931, 7, 1),
	(70, '2022-11-13 23:51:00', '2022-11-13 23:51:00', 2, 7, 3, 65913, 29, 1),
	(71, '2022-11-13 23:51:00', '2022-11-13 23:51:00', 2, 7, 3, 65811, 114, 1),
	(72, '2022-11-13 23:51:00', '2022-11-13 23:51:00', 2, 7, 4, 66641, 40, 1),
	(73, '2022-11-13 23:51:00', '2022-11-13 23:51:00', 2, 7, 4, 66642, 148, 1),
	(74, '2022-11-13 23:51:00', '2022-11-13 23:51:00', 2, 7, 4, 66643, 71, 1),
	(75, '2022-11-13 23:51:00', '2022-11-13 23:51:00', 2, 7, 4, 66644, 94, 1),
	(76, '2022-11-13 23:51:00', '2022-11-13 23:51:00', 2, 7, 4, 66645, 85, 1),
	(77, '2022-11-13 23:51:00', '2022-11-13 23:51:00', 2, 7, 4, 66842, 74, 1),
	(78, '2022-11-13 23:51:00', '2022-11-13 23:51:00', 2, 7, 4, 65841, 9, 1),
	(79, '2022-11-13 23:51:00', '2022-11-13 23:51:00', 2, 7, 5, 66651, 93, 1),
	(80, '2022-11-13 23:51:00', '2022-11-13 23:51:00', 2, 7, 5, 66652, 6, 1),
	(81, '2022-11-13 23:51:00', '2022-11-13 23:51:00', 2, 7, 5, 66653, 25, 1),
	(82, '2022-11-13 23:51:00', '2022-11-13 23:51:00', 2, 7, 5, 66654, 41, 1),
	(83, '2022-11-13 23:51:00', '2022-11-13 23:51:00', 2, 7, 5, 66655, 163, 1),
	(84, '2022-11-13 23:51:00', '2022-11-13 23:51:00', 2, 7, 5, 66656, 21, 1),
	(85, '2022-11-13 23:51:00', '2022-11-13 23:51:00', 2, 7, 5, 65851, 80, 1),
	(86, '2022-11-13 23:51:00', '2022-11-13 23:51:00', 2, 7, 6, 66661, 13, 1),
	(87, '2022-11-13 23:51:00', '2022-11-13 23:51:00', 2, 7, 6, 66662, 100, 1),
	(88, '2022-11-13 23:51:00', '2022-11-13 23:51:00', 2, 7, 6, 66663, 50, 1),
	(89, '2022-11-13 23:51:00', '2022-11-13 23:51:00', 2, 7, 6, 66664, 64, 1),
	(90, '2022-11-13 23:51:00', '2022-11-13 23:51:00', 2, 7, 6, 66660, 54, 1),
	(91, '2022-11-13 23:51:00', '2022-11-13 23:51:00', 2, 7, 6, 64054, 96, 1),
	(92, '2022-11-13 23:51:00', '2022-11-13 23:51:00', 2, 7, 6, 65852, 70, 1),
	(93, '2022-11-13 23:51:00', '2022-11-13 23:51:00', 2, 7, 7, 66671, 104, 1),
	(94, '2022-11-13 23:51:00', '2022-11-13 23:51:00', 2, 7, 7, 66672, 132, 1),
	(95, '2022-11-13 23:51:00', '2022-11-13 23:51:00', 2, 7, 7, 66673, 62, 1),
	(96, '2022-11-13 23:51:00', '2022-11-13 23:51:00', 2, 7, 7, 66674, 37, 1),
	(97, '2022-11-13 23:51:00', '2022-11-13 23:51:00', 2, 7, 7, 66675, 43, 1),
	(98, '2022-11-13 23:51:00', '2022-11-13 23:51:00', 2, 7, 7, 66670, 21, 1),
	(99, '2022-11-13 23:51:00', '2022-11-13 23:51:00', 2, 7, 7, 65853, 89, 1),
	(100, '2022-11-13 23:51:00', '2022-11-13 23:51:00', 2, 7, 8, 0, 1, 1),
	(101, '2022-11-13 23:51:00', '2022-11-13 23:51:00', 3, 7, 1, 66611, 48, 1),
	(102, '2022-11-13 23:51:00', '2022-11-13 23:51:00', 3, 7, 1, 66712, 85, 1),
	(103, '2022-11-13 23:51:00', '2022-11-13 23:51:00', 3, 7, 1, 65911, 144, 1),
	(104, '2022-11-13 23:51:00', '2022-11-13 23:51:00', 3, 7, 1, 65912, 88, 1),
	(105, '2022-11-13 23:51:00', '2022-11-13 23:51:00', 3, 7, 1, 65711, 60, 1),
	(106, '2022-11-13 23:51:00', '2022-11-13 23:51:00', 3, 7, 1, 65712, 6, 1),
	(107, '2022-11-13 23:51:00', '2022-11-13 23:51:00', 3, 7, 1, 65812, 48, 1),
	(108, '2022-11-13 23:51:00', '2022-11-13 23:51:00', 3, 7, 2, 66621, 17, 1),
	(109, '2022-11-13 23:51:00', '2022-11-13 23:51:00', 3, 7, 2, 66622, 61, 1),
	(110, '2022-11-13 23:51:00', '2022-11-13 23:51:00', 3, 7, 2, 66623, 74, 1),
	(111, '2022-11-13 23:51:00', '2022-11-13 23:51:00', 3, 7, 2, 66823, 66, 1),
	(112, '2022-11-13 23:51:00', '2022-11-13 23:51:00', 3, 7, 2, 65921, 68, 1),
	(113, '2022-11-13 23:51:00', '2022-11-13 23:51:00', 3, 7, 2, 65922, 58, 1),
	(114, '2022-11-13 23:51:00', '2022-11-13 23:51:00', 3, 7, 2, 65722, 19, 1),
	(115, '2022-11-13 23:51:00', '2022-11-13 23:51:00', 3, 7, 3, 66631, 57, 1),
	(116, '2022-11-13 23:51:00', '2022-11-13 23:51:00', 3, 7, 3, 66632, 144, 1),
	(117, '2022-11-13 23:51:00', '2022-11-13 23:51:00', 3, 7, 3, 66633, 35, 1),
	(118, '2022-11-13 23:51:00', '2022-11-13 23:51:00', 3, 7, 3, 66634, 60, 1),
	(119, '2022-11-13 23:51:00', '2022-11-13 23:51:00', 3, 7, 3, 65931, 145, 1),
	(120, '2022-11-13 23:51:00', '2022-11-13 23:51:00', 3, 7, 3, 65913, 111, 1),
	(121, '2022-11-13 23:51:00', '2022-11-13 23:51:00', 3, 7, 3, 65811, 64, 1),
	(122, '2022-11-13 23:51:00', '2022-11-13 23:51:00', 3, 7, 4, 66641, 101, 1),
	(123, '2022-11-13 23:51:00', '2022-11-13 23:51:00', 3, 7, 4, 66642, 78, 1),
	(124, '2022-11-13 23:51:00', '2022-11-13 23:51:00', 3, 7, 4, 66643, 39, 1),
	(125, '2022-11-13 23:51:00', '2022-11-13 23:51:00', 3, 7, 4, 66644, 25, 1),
	(126, '2022-11-13 23:51:00', '2022-11-13 23:51:00', 3, 7, 4, 66645, 33, 1),
	(127, '2022-11-13 23:51:00', '2022-11-13 23:51:00', 3, 7, 4, 66842, 123, 1),
	(128, '2022-11-13 23:51:00', '2022-11-13 23:51:00', 3, 7, 4, 65841, 20, 1),
	(129, '2022-11-13 23:51:00', '2022-11-13 23:51:00', 3, 7, 5, 66651, 94, 1),
	(130, '2022-11-13 23:51:00', '2022-11-13 23:51:00', 3, 7, 5, 66652, 43, 1),
	(131, '2022-11-13 23:51:00', '2022-11-13 23:51:00', 3, 7, 5, 66653, 80, 1),
	(132, '2022-11-13 23:51:00', '2022-11-13 23:51:00', 3, 7, 5, 66654, 97, 1),
	(133, '2022-11-13 23:51:00', '2022-11-13 23:51:00', 3, 7, 5, 66655, 133, 1),
	(134, '2022-11-13 23:51:00', '2022-11-13 23:51:00', 3, 7, 5, 66656, 53, 1),
	(135, '2022-11-13 23:51:00', '2022-11-13 23:51:00', 3, 7, 5, 65851, 144, 1),
	(136, '2022-11-13 23:51:00', '2022-11-13 23:51:00', 3, 7, 6, 66661, 38, 1),
	(137, '2022-11-13 23:51:00', '2022-11-13 23:51:00', 3, 7, 6, 66662, 23, 1),
	(138, '2022-11-13 23:51:00', '2022-11-13 23:51:00', 3, 7, 6, 66663, 59, 1),
	(139, '2022-11-13 23:51:00', '2022-11-13 23:51:00', 3, 7, 6, 66664, 49, 1),
	(140, '2022-11-13 23:51:00', '2022-11-13 23:51:00', 3, 7, 6, 66660, 125, 1),
	(141, '2022-11-13 23:51:00', '2022-11-13 23:51:00', 3, 7, 6, 64054, 41, 1),
	(142, '2022-11-13 23:51:00', '2022-11-13 23:51:00', 3, 7, 6, 65852, 49, 1),
	(143, '2022-11-13 23:51:00', '2022-11-13 23:51:00', 3, 7, 7, 66671, 70, 1),
	(144, '2022-11-13 23:51:00', '2022-11-13 23:51:00', 3, 7, 7, 66672, 127, 1),
	(145, '2022-11-13 23:51:00', '2022-11-13 23:51:00', 3, 7, 7, 66673, 100, 1),
	(146, '2022-11-13 23:51:00', '2022-11-13 23:51:00', 3, 7, 7, 66674, 98, 1),
	(147, '2022-11-13 23:51:00', '2022-11-13 23:51:00', 3, 7, 7, 66675, 83, 1),
	(148, '2022-11-13 23:51:00', '2022-11-13 23:51:00', 3, 7, 7, 66670, 117, 1),
	(149, '2022-11-13 23:51:00', '2022-11-13 23:51:00', 3, 7, 7, 65853, 79, 1),
	(150, '2022-11-13 23:51:00', '2022-11-13 23:51:00', 3, 7, 8, 0, 38, 1),
	(151, '2022-11-13 23:51:00', '2022-11-13 23:51:00', 4, 7, 1, 66611, 27, 1),
	(152, '2022-11-13 23:51:00', '2022-11-13 23:51:00', 4, 7, 1, 66712, 168, 1),
	(153, '2022-11-13 23:51:00', '2022-11-13 23:51:00', 4, 7, 1, 65911, 8, 1),
	(154, '2022-11-13 23:51:00', '2022-11-13 23:51:00', 4, 7, 1, 65912, 149, 1),
	(155, '2022-11-13 23:51:00', '2022-11-13 23:51:00', 4, 7, 1, 65711, 27, 1),
	(156, '2022-11-13 23:51:00', '2022-11-13 23:51:00', 4, 7, 1, 65712, 33, 1),
	(157, '2022-11-13 23:51:00', '2022-11-13 23:51:00', 4, 7, 1, 65812, 40, 1),
	(158, '2022-11-13 23:51:00', '2022-11-13 23:51:00', 4, 7, 2, 66621, 21, 1),
	(159, '2022-11-13 23:51:00', '2022-11-13 23:51:00', 4, 7, 2, 66622, 89, 1),
	(160, '2022-11-13 23:51:00', '2022-11-13 23:51:00', 4, 7, 2, 66623, 64, 1),
	(161, '2022-11-13 23:51:00', '2022-11-13 23:51:00', 4, 7, 2, 66823, 99, 1),
	(162, '2022-11-13 23:51:00', '2022-11-13 23:51:00', 4, 7, 2, 65921, 196, 1),
	(163, '2022-11-13 23:51:00', '2022-11-13 23:51:00', 4, 7, 2, 65922, 64, 1),
	(164, '2022-11-13 23:51:00', '2022-11-13 23:51:00', 4, 7, 2, 65722, 89, 1),
	(165, '2022-11-13 23:51:01', '2022-11-13 23:51:01', 4, 7, 3, 66631, 45, 1),
	(166, '2022-11-13 23:51:01', '2022-11-13 23:51:01', 4, 7, 3, 66632, 125, 1),
	(167, '2022-11-13 23:51:01', '2022-11-13 23:51:01', 4, 7, 3, 66633, 31, 1),
	(168, '2022-11-13 23:51:01', '2022-11-13 23:51:01', 4, 7, 3, 66634, 80, 1),
	(169, '2022-11-13 23:51:01', '2022-11-13 23:51:01', 4, 7, 3, 65931, 84, 1),
	(170, '2022-11-13 23:51:01', '2022-11-13 23:51:01', 4, 7, 3, 65913, 35, 1),
	(171, '2022-11-13 23:51:01', '2022-11-13 23:51:01', 4, 7, 3, 65811, 38, 1),
	(172, '2022-11-13 23:51:01', '2022-11-13 23:51:01', 4, 7, 4, 66641, 124, 1),
	(173, '2022-11-13 23:51:01', '2022-11-13 23:51:01', 4, 7, 4, 66642, 112, 1),
	(174, '2022-11-13 23:51:01', '2022-11-13 23:51:01', 4, 7, 4, 66643, 64, 1),
	(175, '2022-11-13 23:51:01', '2022-11-13 23:51:01', 4, 7, 4, 66644, 121, 1),
	(176, '2022-11-13 23:51:01', '2022-11-13 23:51:01', 4, 7, 4, 66645, 129, 1),
	(177, '2022-11-13 23:51:01', '2022-11-13 23:51:01', 4, 7, 4, 66842, 113, 1),
	(178, '2022-11-13 23:51:01', '2022-11-13 23:51:01', 4, 7, 4, 65841, 52, 1),
	(179, '2022-11-13 23:51:01', '2022-11-13 23:51:01', 4, 7, 5, 66651, 47, 1),
	(180, '2022-11-13 23:51:01', '2022-11-13 23:51:01', 4, 7, 5, 66652, 78, 1),
	(181, '2022-11-13 23:51:01', '2022-11-13 23:51:01', 4, 7, 5, 66653, 53, 1),
	(182, '2022-11-13 23:51:01', '2022-11-13 23:51:01', 4, 7, 5, 66654, 81, 1),
	(183, '2022-11-13 23:51:01', '2022-11-13 23:51:01', 4, 7, 5, 66655, 61, 1),
	(184, '2022-11-13 23:51:01', '2022-11-13 23:51:01', 4, 7, 5, 66656, 15, 1),
	(185, '2022-11-13 23:51:01', '2022-11-13 23:51:01', 4, 7, 5, 65851, 16, 1),
	(186, '2022-11-13 23:51:01', '2022-11-13 23:51:01', 4, 7, 6, 66661, 71, 1),
	(187, '2022-11-13 23:51:01', '2022-11-13 23:51:01', 4, 7, 6, 66662, 126, 1),
	(188, '2022-11-13 23:51:01', '2022-11-13 23:51:01', 4, 7, 6, 66663, 49, 1),
	(189, '2022-11-13 23:51:01', '2022-11-13 23:51:01', 4, 7, 6, 66664, 6, 1),
	(190, '2022-11-13 23:51:01', '2022-11-13 23:51:01', 4, 7, 6, 66660, 51, 1),
	(191, '2022-11-13 23:51:01', '2022-11-13 23:51:01', 4, 7, 6, 64054, 32, 1),
	(192, '2022-11-13 23:51:01', '2022-11-13 23:51:01', 4, 7, 6, 65852, 13, 1),
	(193, '2022-11-13 23:51:01', '2022-11-13 23:51:01', 4, 7, 7, 66671, 1, 1),
	(194, '2022-11-13 23:51:01', '2022-11-13 23:51:01', 4, 7, 7, 66672, 108, 1),
	(195, '2022-11-13 23:51:01', '2022-11-13 23:51:01', 4, 7, 7, 66673, 62, 1),
	(196, '2022-11-13 23:51:01', '2022-11-13 23:51:01', 4, 7, 7, 66674, 190, 1),
	(197, '2022-11-13 23:51:01', '2022-11-13 23:51:01', 4, 7, 7, 66675, 55, 1),
	(198, '2022-11-13 23:51:01', '2022-11-13 23:51:01', 4, 7, 7, 66670, 32, 1),
	(199, '2022-11-13 23:51:01', '2022-11-13 23:51:01', 4, 7, 7, 65853, 82, 1),
	(200, '2022-11-13 23:51:01', '2022-11-13 23:51:01', 4, 7, 8, 0, 96, 1),
	(201, '2022-11-13 23:51:01', '2022-11-13 23:51:01', 5, 7, 1, 66611, 65, 1),
	(202, '2022-11-13 23:51:01', '2022-11-13 23:51:01', 5, 7, 1, 66712, 167, 1),
	(203, '2022-11-13 23:51:01', '2022-11-13 23:51:01', 5, 7, 1, 65911, 14, 1),
	(204, '2022-11-13 23:51:01', '2022-11-13 23:51:01', 5, 7, 1, 65912, 25, 1),
	(205, '2022-11-13 23:51:01', '2022-11-13 23:51:01', 5, 7, 1, 65711, 56, 1),
	(206, '2022-11-13 23:51:01', '2022-11-13 23:51:01', 5, 7, 1, 65712, 85, 1),
	(207, '2022-11-13 23:51:01', '2022-11-13 23:51:01', 5, 7, 1, 65812, 33, 1),
	(208, '2022-11-13 23:51:01', '2022-11-13 23:51:01', 5, 7, 2, 66621, 80, 1),
	(209, '2022-11-13 23:51:01', '2022-11-13 23:51:01', 5, 7, 2, 66622, 64, 1),
	(210, '2022-11-13 23:51:01', '2022-11-13 23:51:01', 5, 7, 2, 66623, 46, 1),
	(211, '2022-11-13 23:51:01', '2022-11-13 23:51:01', 5, 7, 2, 66823, 48, 1),
	(212, '2022-11-13 23:51:01', '2022-11-13 23:51:01', 5, 7, 2, 65921, 31, 1),
	(213, '2022-11-13 23:51:01', '2022-11-13 23:51:01', 5, 7, 2, 65922, 1, 1),
	(214, '2022-11-13 23:51:01', '2022-11-13 23:51:01', 5, 7, 2, 65722, 35, 1),
	(215, '2022-11-13 23:51:01', '2022-11-13 23:51:01', 5, 7, 3, 66631, 11, 1),
	(216, '2022-11-13 23:51:01', '2022-11-13 23:51:01', 5, 7, 3, 66632, 43, 1),
	(217, '2022-11-13 23:51:01', '2022-11-13 23:51:01', 5, 7, 3, 66633, 62, 1),
	(218, '2022-11-13 23:51:01', '2022-11-13 23:51:01', 5, 7, 3, 66634, 68, 1),
	(219, '2022-11-13 23:51:01', '2022-11-13 23:51:01', 5, 7, 3, 65931, 123, 1),
	(220, '2022-11-13 23:51:01', '2022-11-13 23:51:01', 5, 7, 3, 65913, 151, 1),
	(221, '2022-11-13 23:51:01', '2022-11-13 23:51:01', 5, 7, 3, 65811, 70, 1),
	(222, '2022-11-13 23:51:01', '2022-11-13 23:51:01', 5, 7, 4, 66641, 83, 1),
	(223, '2022-11-13 23:51:01', '2022-11-13 23:51:01', 5, 7, 4, 66642, 77, 1),
	(224, '2022-11-13 23:51:01', '2022-11-13 23:51:01', 5, 7, 4, 66643, 16, 1),
	(225, '2022-11-13 23:51:01', '2022-11-13 23:51:01', 5, 7, 4, 66644, 184, 1),
	(226, '2022-11-13 23:51:01', '2022-11-13 23:51:01', 5, 7, 4, 66645, 122, 1),
	(227, '2022-11-13 23:51:01', '2022-11-13 23:51:01', 5, 7, 4, 66842, 90, 1),
	(228, '2022-11-13 23:51:01', '2022-11-13 23:51:01', 5, 7, 4, 65841, 0, 1),
	(229, '2022-11-13 23:51:01', '2022-11-13 23:51:01', 5, 7, 5, 66651, 38, 1),
	(230, '2022-11-13 23:51:01', '2022-11-13 23:51:01', 5, 7, 5, 66652, 139, 1),
	(231, '2022-11-13 23:51:01', '2022-11-13 23:51:01', 5, 7, 5, 66653, 25, 1),
	(232, '2022-11-13 23:51:01', '2022-11-13 23:51:01', 5, 7, 5, 66654, 59, 1),
	(233, '2022-11-13 23:51:01', '2022-11-13 23:51:01', 5, 7, 5, 66655, 90, 1),
	(234, '2022-11-13 23:51:01', '2022-11-13 23:51:01', 5, 7, 5, 66656, 36, 1),
	(235, '2022-11-13 23:51:01', '2022-11-13 23:51:01', 5, 7, 5, 65851, 142, 1),
	(236, '2022-11-13 23:51:01', '2022-11-13 23:51:01', 5, 7, 6, 66661, 197, 1),
	(237, '2022-11-13 23:51:01', '2022-11-13 23:51:01', 5, 7, 6, 66662, 129, 1),
	(238, '2022-11-13 23:51:01', '2022-11-13 23:51:01', 5, 7, 6, 66663, 6, 1),
	(239, '2022-11-13 23:51:01', '2022-11-13 23:51:01', 5, 7, 6, 66664, 68, 1),
	(240, '2022-11-13 23:51:01', '2022-11-13 23:51:01', 5, 7, 6, 66660, 36, 1),
	(241, '2022-11-13 23:51:01', '2022-11-13 23:51:01', 5, 7, 6, 64054, 45, 1),
	(242, '2022-11-13 23:51:01', '2022-11-13 23:51:01', 5, 7, 6, 65852, 60, 1),
	(243, '2022-11-13 23:51:01', '2022-11-13 23:51:01', 5, 7, 7, 66671, 77, 1),
	(244, '2022-11-13 23:51:01', '2022-11-13 23:51:01', 5, 7, 7, 66672, 89, 1),
	(245, '2022-11-13 23:51:01', '2022-11-13 23:51:01', 5, 7, 7, 66673, 38, 1),
	(246, '2022-11-13 23:51:01', '2022-11-13 23:51:01', 5, 7, 7, 66674, 142, 1),
	(247, '2022-11-13 23:51:01', '2022-11-13 23:51:01', 5, 7, 7, 66675, 20, 1),
	(248, '2022-11-13 23:51:01', '2022-11-13 23:51:01', 5, 7, 7, 66670, 99, 1),
	(249, '2022-11-13 23:51:01', '2022-11-13 23:51:01', 5, 7, 7, 65853, 71, 1),
	(250, '2022-11-13 23:51:01', '2022-11-13 23:51:01', 5, 7, 8, 0, 90, 1),
	(251, '2022-11-13 23:51:01', '2022-11-13 23:51:01', 6, 7, 1, 66611, 96, 1),
	(252, '2022-11-13 23:51:01', '2022-11-13 23:51:01', 6, 7, 1, 66712, 71, 1),
	(253, '2022-11-13 23:51:01', '2022-11-13 23:51:01', 6, 7, 1, 65911, 161, 1),
	(254, '2022-11-13 23:51:01', '2022-11-13 23:51:01', 6, 7, 1, 65912, 141, 1),
	(255, '2022-11-13 23:51:01', '2022-11-13 23:51:01', 6, 7, 1, 65711, 187, 1),
	(256, '2022-11-13 23:51:01', '2022-11-13 23:51:01', 6, 7, 1, 65712, 82, 1),
	(257, '2022-11-13 23:51:01', '2022-11-13 23:51:01', 6, 7, 1, 65812, 3, 1),
	(258, '2022-11-13 23:51:01', '2022-11-13 23:51:01', 6, 7, 2, 66621, 35, 1),
	(259, '2022-11-13 23:51:01', '2022-11-13 23:51:01', 6, 7, 2, 66622, 31, 1),
	(260, '2022-11-13 23:51:01', '2022-11-13 23:51:01', 6, 7, 2, 66623, 29, 1),
	(261, '2022-11-13 23:51:01', '2022-11-13 23:51:01', 6, 7, 2, 66823, 147, 1),
	(262, '2022-11-13 23:51:01', '2022-11-13 23:51:01', 6, 7, 2, 65921, 195, 1),
	(263, '2022-11-13 23:51:01', '2022-11-13 23:51:01', 6, 7, 2, 65922, 190, 1),
	(264, '2022-11-13 23:51:01', '2022-11-13 23:51:01', 6, 7, 2, 65722, 15, 1),
	(265, '2022-11-13 23:51:01', '2022-11-13 23:51:01', 6, 7, 3, 66631, 15, 1),
	(266, '2022-11-13 23:51:01', '2022-11-13 23:51:01', 6, 7, 3, 66632, 135, 1),
	(267, '2022-11-13 23:51:01', '2022-11-13 23:51:01', 6, 7, 3, 66633, 39, 1),
	(268, '2022-11-13 23:51:01', '2022-11-13 23:51:01', 6, 7, 3, 66634, 21, 1),
	(269, '2022-11-13 23:51:01', '2022-11-13 23:51:01', 6, 7, 3, 65931, 86, 1),
	(270, '2022-11-13 23:51:01', '2022-11-13 23:51:01', 6, 7, 3, 65913, 28, 1),
	(271, '2022-11-13 23:51:01', '2022-11-13 23:51:01', 6, 7, 3, 65811, 16, 1),
	(272, '2022-11-13 23:51:01', '2022-11-13 23:51:01', 6, 7, 4, 66641, 64, 1),
	(273, '2022-11-13 23:51:01', '2022-11-13 23:51:01', 6, 7, 4, 66642, 41, 1),
	(274, '2022-11-13 23:51:01', '2022-11-13 23:51:01', 6, 7, 4, 66643, 8, 1),
	(275, '2022-11-13 23:51:01', '2022-11-13 23:51:01', 6, 7, 4, 66644, 184, 1),
	(276, '2022-11-13 23:51:01', '2022-11-13 23:51:01', 6, 7, 4, 66645, 120, 1),
	(277, '2022-11-13 23:51:01', '2022-11-13 23:51:01', 6, 7, 4, 66842, 112, 1),
	(278, '2022-11-13 23:51:01', '2022-11-13 23:51:01', 6, 7, 4, 65841, 18, 1),
	(279, '2022-11-13 23:51:01', '2022-11-13 23:51:01', 6, 7, 5, 66651, 85, 1),
	(280, '2022-11-13 23:51:01', '2022-11-13 23:51:01', 6, 7, 5, 66652, 115, 1),
	(281, '2022-11-13 23:51:01', '2022-11-13 23:51:01', 6, 7, 5, 66653, 3, 1),
	(282, '2022-11-13 23:51:01', '2022-11-13 23:51:01', 6, 7, 5, 66654, 81, 1),
	(283, '2022-11-13 23:51:01', '2022-11-13 23:51:01', 6, 7, 5, 66655, 101, 1),
	(284, '2022-11-13 23:51:01', '2022-11-13 23:51:01', 6, 7, 5, 66656, 89, 1),
	(285, '2022-11-13 23:51:01', '2022-11-13 23:51:01', 6, 7, 5, 65851, 63, 1),
	(286, '2022-11-13 23:51:01', '2022-11-13 23:51:01', 6, 7, 6, 66661, 60, 1),
	(287, '2022-11-13 23:51:01', '2022-11-13 23:51:01', 6, 7, 6, 66662, 114, 1),
	(288, '2022-11-13 23:51:01', '2022-11-13 23:51:01', 6, 7, 6, 66663, 4, 1),
	(289, '2022-11-13 23:51:01', '2022-11-13 23:51:01', 6, 7, 6, 66664, 113, 1),
	(290, '2022-11-13 23:51:01', '2022-11-13 23:51:01', 6, 7, 6, 66660, 107, 1),
	(291, '2022-11-13 23:51:01', '2022-11-13 23:51:01', 6, 7, 6, 64054, 49, 1),
	(292, '2022-11-13 23:51:01', '2022-11-13 23:51:01', 6, 7, 6, 65852, 62, 1),
	(293, '2022-11-13 23:51:01', '2022-11-13 23:51:01', 6, 7, 7, 66671, 30, 1),
	(294, '2022-11-13 23:51:01', '2022-11-13 23:51:01', 6, 7, 7, 66672, 130, 1),
	(295, '2022-11-13 23:51:01', '2022-11-13 23:51:01', 6, 7, 7, 66673, 57, 1),
	(296, '2022-11-13 23:51:01', '2022-11-13 23:51:01', 6, 7, 7, 66674, 37, 1),
	(297, '2022-11-13 23:51:01', '2022-11-13 23:51:01', 6, 7, 7, 66675, 36, 1),
	(298, '2022-11-13 23:51:01', '2022-11-13 23:51:01', 6, 7, 7, 66670, 10, 1),
	(299, '2022-11-13 23:51:02', '2022-11-13 23:51:02', 6, 7, 7, 65853, 90, 1),
	(300, '2022-11-13 23:51:02', '2022-11-13 23:51:02', 6, 7, 8, 0, 26, 1),
	(301, '2022-11-13 23:51:02', '2022-11-13 23:51:02', 7, 7, 1, 66611, 84, 1),
	(302, '2022-11-13 23:51:02', '2022-11-13 23:51:02', 7, 7, 1, 66712, 174, 1),
	(303, '2022-11-13 23:51:02', '2022-11-13 23:51:02', 7, 7, 1, 65911, 2, 1),
	(304, '2022-11-13 23:51:02', '2022-11-13 23:51:02', 7, 7, 1, 65912, 17, 1),
	(305, '2022-11-13 23:51:02', '2022-11-13 23:51:02', 7, 7, 1, 65711, 65, 1),
	(306, '2022-11-13 23:51:02', '2022-11-13 23:51:02', 7, 7, 1, 65712, 31, 1),
	(307, '2022-11-13 23:51:02', '2022-11-13 23:51:02', 7, 7, 1, 65812, 30, 1),
	(308, '2022-11-13 23:51:02', '2022-11-13 23:51:02', 7, 7, 2, 66621, 41, 1),
	(309, '2022-11-13 23:51:02', '2022-11-13 23:51:02', 7, 7, 2, 66622, 44, 1),
	(310, '2022-11-13 23:51:02', '2022-11-13 23:51:02', 7, 7, 2, 66623, 91, 1),
	(311, '2022-11-13 23:51:02', '2022-11-13 23:51:02', 7, 7, 2, 66823, 38, 1),
	(312, '2022-11-13 23:51:02', '2022-11-13 23:51:02', 7, 7, 2, 65921, 149, 1),
	(313, '2022-11-13 23:51:02', '2022-11-13 23:51:02', 7, 7, 2, 65922, 67, 1),
	(314, '2022-11-13 23:51:02', '2022-11-13 23:51:02', 7, 7, 2, 65722, 0, 1),
	(315, '2022-11-13 23:51:02', '2022-11-13 23:51:02', 7, 7, 3, 66631, 8, 1),
	(316, '2022-11-13 23:51:02', '2022-11-13 23:51:02', 7, 7, 3, 66632, 7, 1),
	(317, '2022-11-13 23:51:02', '2022-11-13 23:51:02', 7, 7, 3, 66633, 18, 1),
	(318, '2022-11-13 23:51:02', '2022-11-13 23:51:02', 7, 7, 3, 66634, 21, 1),
	(319, '2022-11-13 23:51:02', '2022-11-13 23:51:02', 7, 7, 3, 65931, 59, 1),
	(320, '2022-11-13 23:51:02', '2022-11-13 23:51:02', 7, 7, 3, 65913, 162, 1),
	(321, '2022-11-13 23:51:02', '2022-11-13 23:51:02', 7, 7, 3, 65811, 25, 1),
	(322, '2022-11-13 23:51:02', '2022-11-13 23:51:02', 7, 7, 4, 66641, 73, 1),
	(323, '2022-11-13 23:51:02', '2022-11-13 23:51:02', 7, 7, 4, 66642, 113, 1),
	(324, '2022-11-13 23:51:02', '2022-11-13 23:51:02', 7, 7, 4, 66643, 20, 1),
	(325, '2022-11-13 23:51:02', '2022-11-13 23:51:02', 7, 7, 4, 66644, 180, 1),
	(326, '2022-11-13 23:51:02', '2022-11-13 23:51:02', 7, 7, 4, 66645, 113, 1),
	(327, '2022-11-13 23:51:02', '2022-11-13 23:51:02', 7, 7, 4, 66842, 49, 1),
	(328, '2022-11-13 23:51:02', '2022-11-13 23:51:02', 7, 7, 4, 65841, 50, 1),
	(329, '2022-11-13 23:51:02', '2022-11-13 23:51:02', 7, 7, 5, 66651, 109, 1),
	(330, '2022-11-13 23:51:02', '2022-11-13 23:51:02', 7, 7, 5, 66652, 136, 1),
	(331, '2022-11-13 23:51:02', '2022-11-13 23:51:02', 7, 7, 5, 66653, 90, 1),
	(332, '2022-11-13 23:51:02', '2022-11-13 23:51:02', 7, 7, 5, 66654, 87, 1),
	(333, '2022-11-13 23:51:02', '2022-11-13 23:51:02', 7, 7, 5, 66655, 28, 1),
	(334, '2022-11-13 23:51:02', '2022-11-13 23:51:02', 7, 7, 5, 66656, 64, 1),
	(335, '2022-11-13 23:51:02', '2022-11-13 23:51:02', 7, 7, 5, 65851, 47, 1),
	(336, '2022-11-13 23:51:02', '2022-11-13 23:51:02', 7, 7, 6, 66661, 171, 1),
	(337, '2022-11-13 23:51:02', '2022-11-13 23:51:02', 7, 7, 6, 66662, 59, 1),
	(338, '2022-11-13 23:51:02', '2022-11-13 23:51:02', 7, 7, 6, 66663, 36, 1),
	(339, '2022-11-13 23:51:02', '2022-11-13 23:51:02', 7, 7, 6, 66664, 115, 1),
	(340, '2022-11-13 23:51:02', '2022-11-13 23:51:02', 7, 7, 6, 66660, 49, 1),
	(341, '2022-11-13 23:51:02', '2022-11-13 23:51:02', 7, 7, 6, 64054, 11, 1),
	(342, '2022-11-13 23:51:02', '2022-11-13 23:51:02', 7, 7, 6, 65852, 28, 1),
	(343, '2022-11-13 23:51:02', '2022-11-13 23:51:02', 7, 7, 7, 66671, 134, 1),
	(344, '2022-11-13 23:51:02', '2022-11-13 23:51:02', 7, 7, 7, 66672, 167, 1),
	(345, '2022-11-13 23:51:02', '2022-11-13 23:51:02', 7, 7, 7, 66673, 76, 1),
	(346, '2022-11-13 23:51:02', '2022-11-13 23:51:02', 7, 7, 7, 66674, 126, 1),
	(347, '2022-11-13 23:51:02', '2022-11-13 23:51:02', 7, 7, 7, 66675, 100, 1),
	(348, '2022-11-13 23:51:02', '2022-11-13 23:51:02', 7, 7, 7, 66670, 63, 1),
	(349, '2022-11-13 23:51:02', '2022-11-13 23:51:02', 7, 7, 7, 65853, 54, 1),
	(350, '2022-11-13 23:51:02', '2022-11-13 23:51:02', 7, 7, 8, 0, 44, 1),
	(351, '2022-11-13 23:51:02', '2022-11-13 23:51:02', 8, 7, 1, 66611, 69, 1),
	(352, '2022-11-13 23:51:02', '2022-11-13 23:51:02', 8, 7, 1, 66712, 98, 1),
	(353, '2022-11-13 23:51:02', '2022-11-13 23:51:02', 8, 7, 1, 65911, 143, 1),
	(354, '2022-11-13 23:51:02', '2022-11-13 23:51:02', 8, 7, 1, 65912, 38, 1),
	(355, '2022-11-13 23:51:02', '2022-11-13 23:51:02', 8, 7, 1, 65711, 10, 1),
	(356, '2022-11-13 23:51:02', '2022-11-13 23:51:02', 8, 7, 1, 65712, 59, 1),
	(357, '2022-11-13 23:51:02', '2022-11-13 23:51:02', 8, 7, 1, 65812, 50, 1),
	(358, '2022-11-13 23:51:02', '2022-11-13 23:51:02', 8, 7, 2, 66621, 55, 1),
	(359, '2022-11-13 23:51:02', '2022-11-13 23:51:02', 8, 7, 2, 66622, 62, 1),
	(360, '2022-11-13 23:51:02', '2022-11-13 23:51:02', 8, 7, 2, 66623, 46, 1),
	(361, '2022-11-13 23:51:02', '2022-11-13 23:51:02', 8, 7, 2, 66823, 16, 1),
	(362, '2022-11-13 23:51:02', '2022-11-13 23:51:02', 8, 7, 2, 65921, 40, 1),
	(363, '2022-11-13 23:51:02', '2022-11-13 23:51:02', 8, 7, 2, 65922, 176, 1),
	(364, '2022-11-13 23:51:02', '2022-11-13 23:51:02', 8, 7, 2, 65722, 55, 1),
	(365, '2022-11-13 23:51:02', '2022-11-13 23:51:02', 8, 7, 3, 66631, 120, 1),
	(366, '2022-11-13 23:51:02', '2022-11-13 23:51:02', 8, 7, 3, 66632, 110, 1),
	(367, '2022-11-13 23:51:02', '2022-11-13 23:51:02', 8, 7, 3, 66633, 62, 1),
	(368, '2022-11-13 23:51:02', '2022-11-13 23:51:02', 8, 7, 3, 66634, 3, 1),
	(369, '2022-11-13 23:51:02', '2022-11-13 23:51:02', 8, 7, 3, 65931, 63, 1),
	(370, '2022-11-13 23:51:02', '2022-11-13 23:51:02', 8, 7, 3, 65913, 157, 1),
	(371, '2022-11-13 23:51:02', '2022-11-13 23:51:02', 8, 7, 3, 65811, 94, 1),
	(372, '2022-11-13 23:51:02', '2022-11-13 23:51:02', 8, 7, 4, 66641, 65, 1),
	(373, '2022-11-13 23:51:02', '2022-11-13 23:51:02', 8, 7, 4, 66642, 3, 1),
	(374, '2022-11-13 23:51:02', '2022-11-13 23:51:02', 8, 7, 4, 66643, 75, 1),
	(375, '2022-11-13 23:51:02', '2022-11-13 23:51:02', 8, 7, 4, 66644, 118, 1),
	(376, '2022-11-13 23:51:02', '2022-11-13 23:51:02', 8, 7, 4, 66645, 119, 1),
	(377, '2022-11-13 23:51:02', '2022-11-13 23:51:02', 8, 7, 4, 66842, 42, 1),
	(378, '2022-11-13 23:51:02', '2022-11-13 23:51:02', 8, 7, 4, 65841, 11, 1),
	(379, '2022-11-13 23:51:02', '2022-11-13 23:51:02', 8, 7, 5, 66651, 141, 1),
	(380, '2022-11-13 23:51:02', '2022-11-13 23:51:02', 8, 7, 5, 66652, 126, 1),
	(381, '2022-11-13 23:51:02', '2022-11-13 23:51:02', 8, 7, 5, 66653, 150, 1),
	(382, '2022-11-13 23:51:02', '2022-11-13 23:51:02', 8, 7, 5, 66654, 86, 1),
	(383, '2022-11-13 23:51:02', '2022-11-13 23:51:02', 8, 7, 5, 66655, 128, 1),
	(384, '2022-11-13 23:51:02', '2022-11-13 23:51:02', 8, 7, 5, 66656, 97, 1),
	(385, '2022-11-13 23:51:02', '2022-11-13 23:51:02', 8, 7, 5, 65851, 107, 1),
	(386, '2022-11-13 23:51:02', '2022-11-13 23:51:02', 8, 7, 6, 66661, 9, 1),
	(387, '2022-11-13 23:51:02', '2022-11-13 23:51:02', 8, 7, 6, 66662, 68, 1),
	(388, '2022-11-13 23:51:02', '2022-11-13 23:51:02', 8, 7, 6, 66663, 57, 1),
	(389, '2022-11-13 23:51:02', '2022-11-13 23:51:02', 8, 7, 6, 66664, 56, 1),
	(390, '2022-11-13 23:51:02', '2022-11-13 23:51:02', 8, 7, 6, 66660, 111, 1),
	(391, '2022-11-13 23:51:02', '2022-11-13 23:51:02', 8, 7, 6, 64054, 17, 1),
	(392, '2022-11-13 23:51:02', '2022-11-13 23:51:02', 8, 7, 6, 65852, 94, 1),
	(393, '2022-11-13 23:51:02', '2022-11-13 23:51:02', 8, 7, 7, 66671, 134, 1),
	(394, '2022-11-13 23:51:02', '2022-11-13 23:51:02', 8, 7, 7, 66672, 103, 1),
	(395, '2022-11-13 23:51:02', '2022-11-13 23:51:02', 8, 7, 7, 66673, 58, 1),
	(396, '2022-11-13 23:51:02', '2022-11-13 23:51:02', 8, 7, 7, 66674, 11, 1),
	(397, '2022-11-13 23:51:02', '2022-11-13 23:51:02', 8, 7, 7, 66675, 31, 1),
	(398, '2022-11-13 23:51:02', '2022-11-13 23:51:02', 8, 7, 7, 66670, 28, 1),
	(399, '2022-11-13 23:51:02', '2022-11-13 23:51:02', 8, 7, 7, 65853, 53, 1),
	(400, '2022-11-13 23:51:02', '2022-11-13 23:51:02', 8, 7, 8, 0, 14, 1),
	(401, '2022-11-13 23:51:02', '2022-11-13 23:51:02', 9, 7, 1, 66611, 73, 1),
	(402, '2022-11-13 23:51:02', '2022-11-13 23:51:02', 9, 7, 1, 66712, 30, 1),
	(403, '2022-11-13 23:51:02', '2022-11-13 23:51:02', 9, 7, 1, 65911, 132, 1),
	(404, '2022-11-13 23:51:02', '2022-11-13 23:51:02', 9, 7, 1, 65912, 24, 1),
	(405, '2022-11-13 23:51:02', '2022-11-13 23:51:02', 9, 7, 1, 65711, 105, 1),
	(406, '2022-11-13 23:51:02', '2022-11-13 23:51:02', 9, 7, 1, 65712, 24, 1),
	(407, '2022-11-13 23:51:02', '2022-11-13 23:51:02', 9, 7, 1, 65812, 22, 1),
	(408, '2022-11-13 23:51:02', '2022-11-13 23:51:02', 9, 7, 2, 66621, 66, 1),
	(409, '2022-11-13 23:51:02', '2022-11-13 23:51:02', 9, 7, 2, 66622, 24, 1),
	(410, '2022-11-13 23:51:02', '2022-11-13 23:51:02', 9, 7, 2, 66623, 76, 1),
	(411, '2022-11-13 23:51:02', '2022-11-13 23:51:02', 9, 7, 2, 66823, 2, 1),
	(412, '2022-11-13 23:51:02', '2022-11-13 23:51:02', 9, 7, 2, 65921, 7, 1),
	(413, '2022-11-13 23:51:02', '2022-11-13 23:51:02', 9, 7, 2, 65922, 153, 1),
	(414, '2022-11-13 23:51:02', '2022-11-13 23:51:02', 9, 7, 2, 65722, 21, 1),
	(415, '2022-11-13 23:51:02', '2022-11-13 23:51:02', 9, 7, 3, 66631, 137, 1),
	(416, '2022-11-13 23:51:02', '2022-11-13 23:51:02', 9, 7, 3, 66632, 107, 1),
	(417, '2022-11-13 23:51:02', '2022-11-13 23:51:02', 9, 7, 3, 66633, 26, 1),
	(418, '2022-11-13 23:51:02', '2022-11-13 23:51:02', 9, 7, 3, 66634, 95, 1),
	(419, '2022-11-13 23:51:02', '2022-11-13 23:51:02', 9, 7, 3, 65931, 125, 1),
	(420, '2022-11-13 23:51:02', '2022-11-13 23:51:02', 9, 7, 3, 65913, 38, 1),
	(421, '2022-11-13 23:51:02', '2022-11-13 23:51:02', 9, 7, 3, 65811, 20, 1),
	(422, '2022-11-13 23:51:02', '2022-11-13 23:51:02', 9, 7, 4, 66641, 110, 1),
	(423, '2022-11-13 23:51:02', '2022-11-13 23:51:02', 9, 7, 4, 66642, 72, 1),
	(424, '2022-11-13 23:51:02', '2022-11-13 23:51:02', 9, 7, 4, 66643, 52, 1),
	(425, '2022-11-13 23:51:02', '2022-11-13 23:51:02', 9, 7, 4, 66644, 161, 1),
	(426, '2022-11-13 23:51:02', '2022-11-13 23:51:02', 9, 7, 4, 66645, 44, 1),
	(427, '2022-11-13 23:51:02', '2022-11-13 23:51:02', 9, 7, 4, 66842, 31, 1),
	(428, '2022-11-13 23:51:02', '2022-11-13 23:51:02', 9, 7, 4, 65841, 40, 1),
	(429, '2022-11-13 23:51:02', '2022-11-13 23:51:02', 9, 7, 5, 66651, 4, 1),
	(430, '2022-11-13 23:51:02', '2022-11-13 23:51:02', 9, 7, 5, 66652, 90, 1),
	(431, '2022-11-13 23:51:02', '2022-11-13 23:51:02', 9, 7, 5, 66653, 66, 1),
	(432, '2022-11-13 23:51:02', '2022-11-13 23:51:02', 9, 7, 5, 66654, 88, 1),
	(433, '2022-11-13 23:51:02', '2022-11-13 23:51:02', 9, 7, 5, 66655, 28, 1),
	(434, '2022-11-13 23:51:02', '2022-11-13 23:51:02', 9, 7, 5, 66656, 76, 1),
	(435, '2022-11-13 23:51:02', '2022-11-13 23:51:02', 9, 7, 5, 65851, 146, 1),
	(436, '2022-11-13 23:51:02', '2022-11-13 23:51:02', 9, 7, 6, 66661, 151, 1),
	(437, '2022-11-13 23:51:02', '2022-11-13 23:51:02', 9, 7, 6, 66662, 46, 1),
	(438, '2022-11-13 23:51:02', '2022-11-13 23:51:02', 9, 7, 6, 66663, 78, 1),
	(439, '2022-11-13 23:51:02', '2022-11-13 23:51:02', 9, 7, 6, 66664, 115, 1),
	(440, '2022-11-13 23:51:02', '2022-11-13 23:51:02', 9, 7, 6, 66660, 76, 1),
	(441, '2022-11-13 23:51:02', '2022-11-13 23:51:02', 9, 7, 6, 64054, 71, 1),
	(442, '2022-11-13 23:51:02', '2022-11-13 23:51:02', 9, 7, 6, 65852, 59, 1),
	(443, '2022-11-13 23:51:03', '2022-11-13 23:51:03', 9, 7, 7, 66671, 63, 1),
	(444, '2022-11-13 23:51:03', '2022-11-13 23:51:03', 9, 7, 7, 66672, 199, 1),
	(445, '2022-11-13 23:51:03', '2022-11-13 23:51:03', 9, 7, 7, 66673, 88, 1),
	(446, '2022-11-13 23:51:03', '2022-11-13 23:51:03', 9, 7, 7, 66674, 146, 1),
	(447, '2022-11-13 23:51:03', '2022-11-13 23:51:03', 9, 7, 7, 66675, 62, 1),
	(448, '2022-11-13 23:51:03', '2022-11-13 23:51:03', 9, 7, 7, 66670, 58, 1),
	(449, '2022-11-13 23:51:03', '2022-11-13 23:51:03', 9, 7, 7, 65853, 77, 1),
	(450, '2022-11-13 23:51:03', '2022-11-13 23:51:03', 9, 7, 8, 0, 6, 1),
	(451, '2022-11-13 23:51:03', '2022-11-13 23:51:03', 10, 7, 1, 66611, 77, 1),
	(452, '2022-11-13 23:51:03', '2022-11-13 23:51:03', 10, 7, 1, 66712, 184, 1),
	(453, '2022-11-13 23:51:03', '2022-11-13 23:51:03', 10, 7, 1, 65911, 77, 1),
	(454, '2022-11-13 23:51:03', '2022-11-13 23:51:03', 10, 7, 1, 65912, 49, 1),
	(455, '2022-11-13 23:51:03', '2022-11-13 23:51:03', 10, 7, 1, 65711, 124, 1),
	(456, '2022-11-13 23:51:03', '2022-11-13 23:51:03', 10, 7, 1, 65712, 78, 1),
	(457, '2022-11-13 23:51:03', '2022-11-13 23:51:03', 10, 7, 1, 65812, 2, 1),
	(458, '2022-11-13 23:51:03', '2022-11-13 23:51:03', 10, 7, 2, 66621, 44, 1),
	(459, '2022-11-13 23:51:03', '2022-11-13 23:51:03', 10, 7, 2, 66622, 39, 1),
	(460, '2022-11-13 23:51:03', '2022-11-13 23:51:03', 10, 7, 2, 66623, 74, 1),
	(461, '2022-11-13 23:51:03', '2022-11-13 23:51:03', 10, 7, 2, 66823, 199, 1),
	(462, '2022-11-13 23:51:03', '2022-11-13 23:51:03', 10, 7, 2, 65921, 98, 1),
	(463, '2022-11-13 23:51:03', '2022-11-13 23:51:03', 10, 7, 2, 65922, 138, 1),
	(464, '2022-11-13 23:51:03', '2022-11-13 23:51:03', 10, 7, 2, 65722, 29, 1),
	(465, '2022-11-13 23:51:03', '2022-11-13 23:51:03', 10, 7, 3, 66631, 128, 1),
	(466, '2022-11-13 23:51:03', '2022-11-13 23:51:03', 10, 7, 3, 66632, 83, 1),
	(467, '2022-11-13 23:51:03', '2022-11-13 23:51:03', 10, 7, 3, 66633, 44, 1),
	(468, '2022-11-13 23:51:03', '2022-11-13 23:51:03', 10, 7, 3, 66634, 45, 1),
	(469, '2022-11-13 23:51:03', '2022-11-13 23:51:03', 10, 7, 3, 65931, 126, 1),
	(470, '2022-11-13 23:51:03', '2022-11-13 23:51:03', 10, 7, 3, 65913, 135, 1),
	(471, '2022-11-13 23:51:03', '2022-11-13 23:51:03', 10, 7, 3, 65811, 5, 1),
	(472, '2022-11-13 23:51:03', '2022-11-13 23:51:03', 10, 7, 4, 66641, 3, 1),
	(473, '2022-11-13 23:51:03', '2022-11-13 23:51:03', 10, 7, 4, 66642, 146, 1),
	(474, '2022-11-13 23:51:03', '2022-11-13 23:51:03', 10, 7, 4, 66643, 64, 1),
	(475, '2022-11-13 23:51:03', '2022-11-13 23:51:03', 10, 7, 4, 66644, 14, 1),
	(476, '2022-11-13 23:51:03', '2022-11-13 23:51:03', 10, 7, 4, 66645, 95, 1),
	(477, '2022-11-13 23:51:03', '2022-11-13 23:51:03', 10, 7, 4, 66842, 23, 1),
	(478, '2022-11-13 23:51:03', '2022-11-13 23:51:03', 10, 7, 4, 65841, 44, 1),
	(479, '2022-11-13 23:51:03', '2022-11-13 23:51:03', 10, 7, 5, 66651, 48, 1),
	(480, '2022-11-13 23:51:03', '2022-11-13 23:51:03', 10, 7, 5, 66652, 97, 1),
	(481, '2022-11-13 23:51:03', '2022-11-13 23:51:03', 10, 7, 5, 66653, 112, 1),
	(482, '2022-11-13 23:51:03', '2022-11-13 23:51:03', 10, 7, 5, 66654, 88, 1),
	(483, '2022-11-13 23:51:03', '2022-11-13 23:51:03', 10, 7, 5, 66655, 140, 1),
	(484, '2022-11-13 23:51:03', '2022-11-13 23:51:03', 10, 7, 5, 66656, 71, 1),
	(485, '2022-11-13 23:51:03', '2022-11-13 23:51:03', 10, 7, 5, 65851, 16, 1),
	(486, '2022-11-13 23:51:03', '2022-11-13 23:51:03', 10, 7, 6, 66661, 165, 1),
	(487, '2022-11-13 23:51:03', '2022-11-13 23:51:03', 10, 7, 6, 66662, 85, 1),
	(488, '2022-11-13 23:51:03', '2022-11-13 23:51:03', 10, 7, 6, 66663, 43, 1),
	(489, '2022-11-13 23:51:03', '2022-11-13 23:51:03', 10, 7, 6, 66664, 20, 1),
	(490, '2022-11-13 23:51:03', '2022-11-13 23:51:03', 10, 7, 6, 66660, 80, 1),
	(491, '2022-11-13 23:51:03', '2022-11-13 23:51:03', 10, 7, 6, 64054, 100, 1),
	(492, '2022-11-13 23:51:03', '2022-11-13 23:51:03', 10, 7, 6, 65852, 78, 1),
	(493, '2022-11-13 23:51:03', '2022-11-13 23:51:03', 10, 7, 7, 66671, 86, 1),
	(494, '2022-11-13 23:51:03', '2022-11-13 23:51:03', 10, 7, 7, 66672, 31, 1),
	(495, '2022-11-13 23:51:03', '2022-11-13 23:51:03', 10, 7, 7, 66673, 78, 1),
	(496, '2022-11-13 23:51:03', '2022-11-13 23:51:03', 10, 7, 7, 66674, 165, 1),
	(497, '2022-11-13 23:51:03', '2022-11-13 23:51:03', 10, 7, 7, 66675, 96, 1),
	(498, '2022-11-13 23:51:03', '2022-11-13 23:51:03', 10, 7, 7, 66670, 77, 1),
	(499, '2022-11-13 23:51:03', '2022-11-13 23:51:03', 10, 7, 7, 65853, 5, 1),
	(500, '2022-11-13 23:51:03', '2022-11-13 23:51:03', 10, 7, 8, 0, 88, 1),
	(501, '2022-11-13 23:51:03', '2022-11-13 23:51:03', 11, 7, 1, 66611, 46, 1),
	(502, '2022-11-13 23:51:03', '2022-11-13 23:51:03', 11, 7, 1, 66712, 68, 1),
	(503, '2022-11-13 23:51:03', '2022-11-13 23:51:03', 11, 7, 1, 65911, 173, 1),
	(504, '2022-11-13 23:51:03', '2022-11-13 23:51:03', 11, 7, 1, 65912, 156, 1),
	(505, '2022-11-13 23:51:03', '2022-11-13 23:51:03', 11, 7, 1, 65711, 151, 1),
	(506, '2022-11-13 23:51:03', '2022-11-13 23:51:03', 11, 7, 1, 65712, 10, 1),
	(507, '2022-11-13 23:51:03', '2022-11-13 23:51:03', 11, 7, 1, 65812, 30, 1),
	(508, '2022-11-13 23:51:03', '2022-11-13 23:51:03', 11, 7, 2, 66621, 53, 1),
	(509, '2022-11-13 23:51:03', '2022-11-13 23:51:03', 11, 7, 2, 66622, 26, 1),
	(510, '2022-11-13 23:51:03', '2022-11-13 23:51:03', 11, 7, 2, 66623, 87, 1),
	(511, '2022-11-13 23:51:03', '2022-11-13 23:51:03', 11, 7, 2, 66823, 167, 1),
	(512, '2022-11-13 23:51:03', '2022-11-13 23:51:03', 11, 7, 2, 65921, 4, 1),
	(513, '2022-11-13 23:51:03', '2022-11-13 23:51:03', 11, 7, 2, 65922, 25, 1),
	(514, '2022-11-13 23:51:03', '2022-11-13 23:51:03', 11, 7, 2, 65722, 60, 1),
	(515, '2022-11-13 23:51:03', '2022-11-13 23:51:03', 11, 7, 3, 66631, 66, 1),
	(516, '2022-11-13 23:51:03', '2022-11-13 23:51:03', 11, 7, 3, 66632, 112, 1),
	(517, '2022-11-13 23:51:03', '2022-11-13 23:51:03', 11, 7, 3, 66633, 4, 1),
	(518, '2022-11-13 23:51:03', '2022-11-13 23:51:03', 11, 7, 3, 66634, 1, 1),
	(519, '2022-11-13 23:51:03', '2022-11-13 23:51:03', 11, 7, 3, 65931, 27, 1),
	(520, '2022-11-13 23:51:03', '2022-11-13 23:51:03', 11, 7, 3, 65913, 26, 1),
	(521, '2022-11-13 23:51:03', '2022-11-13 23:51:03', 11, 7, 3, 65811, 104, 1),
	(522, '2022-11-13 23:51:03', '2022-11-13 23:51:03', 11, 7, 4, 66641, 147, 1),
	(523, '2022-11-13 23:51:03', '2022-11-13 23:51:03', 11, 7, 4, 66642, 120, 1),
	(524, '2022-11-13 23:51:03', '2022-11-13 23:51:03', 11, 7, 4, 66643, 6, 1),
	(525, '2022-11-13 23:51:03', '2022-11-13 23:51:03', 11, 7, 4, 66644, 198, 1),
	(526, '2022-11-13 23:51:03', '2022-11-13 23:51:03', 11, 7, 4, 66645, 57, 1),
	(527, '2022-11-13 23:51:03', '2022-11-13 23:51:03', 11, 7, 4, 66842, 172, 1),
	(528, '2022-11-13 23:51:03', '2022-11-13 23:51:03', 11, 7, 4, 65841, 26, 1),
	(529, '2022-11-13 23:51:03', '2022-11-13 23:51:03', 11, 7, 5, 66651, 118, 1),
	(530, '2022-11-13 23:51:03', '2022-11-13 23:51:03', 11, 7, 5, 66652, 16, 1),
	(531, '2022-11-13 23:51:03', '2022-11-13 23:51:03', 11, 7, 5, 66653, 65, 1),
	(532, '2022-11-13 23:51:03', '2022-11-13 23:51:03', 11, 7, 5, 66654, 4, 1),
	(533, '2022-11-13 23:51:03', '2022-11-13 23:51:03', 11, 7, 5, 66655, 45, 1),
	(534, '2022-11-13 23:51:03', '2022-11-13 23:51:03', 11, 7, 5, 66656, 89, 1),
	(535, '2022-11-13 23:51:03', '2022-11-13 23:51:03', 11, 7, 5, 65851, 116, 1),
	(536, '2022-11-13 23:51:03', '2022-11-13 23:51:03', 11, 7, 6, 66661, 192, 1),
	(537, '2022-11-13 23:51:03', '2022-11-13 23:51:03', 11, 7, 6, 66662, 142, 1),
	(538, '2022-11-13 23:51:03', '2022-11-13 23:51:03', 11, 7, 6, 66663, 3, 1),
	(539, '2022-11-13 23:51:03', '2022-11-13 23:51:03', 11, 7, 6, 66664, 60, 1),
	(540, '2022-11-13 23:51:03', '2022-11-13 23:51:03', 11, 7, 6, 66660, 133, 1),
	(541, '2022-11-13 23:51:03', '2022-11-13 23:51:03', 11, 7, 6, 64054, 89, 1),
	(542, '2022-11-13 23:51:03', '2022-11-13 23:51:03', 11, 7, 6, 65852, 77, 1),
	(543, '2022-11-13 23:51:03', '2022-11-13 23:51:03', 11, 7, 7, 66671, 57, 1),
	(544, '2022-11-13 23:51:03', '2022-11-13 23:51:03', 11, 7, 7, 66672, 168, 1),
	(545, '2022-11-13 23:51:03', '2022-11-13 23:51:03', 11, 7, 7, 66673, 2, 1),
	(546, '2022-11-13 23:51:03', '2022-11-13 23:51:03', 11, 7, 7, 66674, 21, 1),
	(547, '2022-11-13 23:51:03', '2022-11-13 23:51:03', 11, 7, 7, 66675, 28, 1),
	(548, '2022-11-13 23:51:03', '2022-11-13 23:51:03', 11, 7, 7, 66670, 120, 1),
	(549, '2022-11-13 23:51:03', '2022-11-13 23:51:03', 11, 7, 7, 65853, 73, 1),
	(550, '2022-11-13 23:51:03', '2022-11-13 23:51:03', 11, 7, 8, 0, 86, 1),
	(551, '2022-11-13 23:51:03', '2022-11-13 23:51:03', 12, 7, 1, 66611, 70, 1),
	(552, '2022-11-13 23:51:03', '2022-11-13 23:51:03', 12, 7, 1, 66712, 19, 1),
	(553, '2022-11-13 23:51:03', '2022-11-13 23:51:03', 12, 7, 1, 65911, 139, 1),
	(554, '2022-11-13 23:51:03', '2022-11-13 23:51:03', 12, 7, 1, 65912, 52, 1),
	(555, '2022-11-13 23:51:03', '2022-11-13 23:51:03', 12, 7, 1, 65711, 142, 1),
	(556, '2022-11-13 23:51:03', '2022-11-13 23:51:03', 12, 7, 1, 65712, 100, 1),
	(557, '2022-11-13 23:51:03', '2022-11-13 23:51:03', 12, 7, 1, 65812, 40, 1),
	(558, '2022-11-13 23:51:03', '2022-11-13 23:51:03', 12, 7, 2, 66621, 25, 1),
	(559, '2022-11-13 23:51:03', '2022-11-13 23:51:03', 12, 7, 2, 66622, 40, 1),
	(560, '2022-11-13 23:51:03', '2022-11-13 23:51:03', 12, 7, 2, 66623, 83, 1),
	(561, '2022-11-13 23:51:03', '2022-11-13 23:51:03', 12, 7, 2, 66823, 47, 1),
	(562, '2022-11-13 23:51:03', '2022-11-13 23:51:03', 12, 7, 2, 65921, 102, 1),
	(563, '2022-11-13 23:51:03', '2022-11-13 23:51:03', 12, 7, 2, 65922, 165, 1),
	(564, '2022-11-13 23:51:03', '2022-11-13 23:51:03', 12, 7, 2, 65722, 60, 1),
	(565, '2022-11-13 23:51:03', '2022-11-13 23:51:03', 12, 7, 3, 66631, 45, 1),
	(566, '2022-11-13 23:51:03', '2022-11-13 23:51:03', 12, 7, 3, 66632, 33, 1),
	(567, '2022-11-13 23:51:03', '2022-11-13 23:51:03', 12, 7, 3, 66633, 7, 1),
	(568, '2022-11-13 23:51:03', '2022-11-13 23:51:03', 12, 7, 3, 66634, 7, 1),
	(569, '2022-11-13 23:51:03', '2022-11-13 23:51:03', 12, 7, 3, 65931, 181, 1),
	(570, '2022-11-13 23:51:03', '2022-11-13 23:51:03', 12, 7, 3, 65913, 11, 1),
	(571, '2022-11-13 23:51:03', '2022-11-13 23:51:03', 12, 7, 3, 65811, 59, 1),
	(572, '2022-11-13 23:51:03', '2022-11-13 23:51:03', 12, 7, 4, 66641, 3, 1),
	(573, '2022-11-13 23:51:03', '2022-11-13 23:51:03', 12, 7, 4, 66642, 124, 1),
	(574, '2022-11-13 23:51:03', '2022-11-13 23:51:03', 12, 7, 4, 66643, 46, 1),
	(575, '2022-11-13 23:51:03', '2022-11-13 23:51:03', 12, 7, 4, 66644, 198, 1),
	(576, '2022-11-13 23:51:03', '2022-11-13 23:51:03', 12, 7, 4, 66645, 115, 1),
	(577, '2022-11-13 23:51:03', '2022-11-13 23:51:03', 12, 7, 4, 66842, 46, 1),
	(578, '2022-11-13 23:51:03', '2022-11-13 23:51:03', 12, 7, 4, 65841, 79, 1),
	(579, '2022-11-13 23:51:03', '2022-11-13 23:51:03', 12, 7, 5, 66651, 122, 1),
	(580, '2022-11-13 23:51:03', '2022-11-13 23:51:03', 12, 7, 5, 66652, 81, 1),
	(581, '2022-11-13 23:51:03', '2022-11-13 23:51:03', 12, 7, 5, 66653, 92, 1),
	(582, '2022-11-13 23:51:03', '2022-11-13 23:51:03', 12, 7, 5, 66654, 43, 1),
	(583, '2022-11-13 23:51:03', '2022-11-13 23:51:03', 12, 7, 5, 66655, 112, 1),
	(584, '2022-11-13 23:51:03', '2022-11-13 23:51:03', 12, 7, 5, 66656, 2, 1),
	(585, '2022-11-13 23:51:03', '2022-11-13 23:51:03', 12, 7, 5, 65851, 146, 1),
	(586, '2022-11-13 23:51:03', '2022-11-13 23:51:03', 12, 7, 6, 66661, 139, 1),
	(587, '2022-11-13 23:51:03', '2022-11-13 23:51:03', 12, 7, 6, 66662, 136, 1),
	(588, '2022-11-13 23:51:03', '2022-11-13 23:51:03', 12, 7, 6, 66663, 6, 1),
	(589, '2022-11-13 23:51:03', '2022-11-13 23:51:03', 12, 7, 6, 66664, 65, 1),
	(590, '2022-11-13 23:51:04', '2022-11-13 23:51:04', 12, 7, 6, 66660, 47, 1),
	(591, '2022-11-13 23:51:04', '2022-11-13 23:51:04', 12, 7, 6, 64054, 56, 1),
	(592, '2022-11-13 23:51:04', '2022-11-13 23:51:04', 12, 7, 6, 65852, 82, 1),
	(593, '2022-11-13 23:51:04', '2022-11-13 23:51:04', 12, 7, 7, 66671, 1, 1),
	(594, '2022-11-13 23:51:04', '2022-11-13 23:51:04', 12, 7, 7, 66672, 17, 1),
	(595, '2022-11-13 23:51:04', '2022-11-13 23:51:04', 12, 7, 7, 66673, 53, 1),
	(596, '2022-11-13 23:51:04', '2022-11-13 23:51:04', 12, 7, 7, 66674, 163, 1),
	(597, '2022-11-13 23:51:04', '2022-11-13 23:51:04', 12, 7, 7, 66675, 42, 1),
	(598, '2022-11-13 23:51:04', '2022-11-13 23:51:04', 12, 7, 7, 66670, 69, 1),
	(599, '2022-11-13 23:51:04', '2022-11-13 23:51:04', 12, 7, 7, 65853, 30, 1),
	(600, '2022-11-13 23:51:04', '2022-11-13 23:51:04', 12, 7, 8, 0, 63, 1),
	(601, '2022-11-13 23:51:04', '2022-11-13 23:51:04', 13, 7, 1, 66611, 75, 1),
	(602, '2022-11-13 23:51:04', '2022-11-13 23:51:04', 13, 7, 1, 66712, 44, 1),
	(603, '2022-11-13 23:51:04', '2022-11-13 23:51:04', 13, 7, 1, 65911, 15, 1),
	(604, '2022-11-13 23:51:04', '2022-11-13 23:51:04', 13, 7, 1, 65912, 168, 1),
	(605, '2022-11-13 23:51:04', '2022-11-13 23:51:04', 13, 7, 1, 65711, 60, 1),
	(606, '2022-11-13 23:51:04', '2022-11-13 23:51:04', 13, 7, 1, 65712, 49, 1),
	(607, '2022-11-13 23:51:04', '2022-11-13 23:51:04', 13, 7, 1, 65812, 29, 1),
	(608, '2022-11-13 23:51:04', '2022-11-13 23:51:04', 13, 7, 2, 66621, 47, 1),
	(609, '2022-11-13 23:51:04', '2022-11-13 23:51:04', 13, 7, 2, 66622, 67, 1),
	(610, '2022-11-13 23:51:04', '2022-11-13 23:51:04', 13, 7, 2, 66623, 55, 1),
	(611, '2022-11-13 23:51:04', '2022-11-13 23:51:04', 13, 7, 2, 66823, 52, 1),
	(612, '2022-11-13 23:51:04', '2022-11-13 23:51:04', 13, 7, 2, 65921, 8, 1),
	(613, '2022-11-13 23:51:04', '2022-11-13 23:51:04', 13, 7, 2, 65922, 162, 1),
	(614, '2022-11-13 23:51:04', '2022-11-13 23:51:04', 13, 7, 2, 65722, 11, 1),
	(615, '2022-11-13 23:51:04', '2022-11-13 23:51:04', 13, 7, 3, 66631, 120, 1),
	(616, '2022-11-13 23:51:04', '2022-11-13 23:51:04', 13, 7, 3, 66632, 95, 1),
	(617, '2022-11-13 23:51:04', '2022-11-13 23:51:04', 13, 7, 3, 66633, 66, 1),
	(618, '2022-11-13 23:51:04', '2022-11-13 23:51:04', 13, 7, 3, 66634, 10, 1),
	(619, '2022-11-13 23:51:04', '2022-11-13 23:51:04', 13, 7, 3, 65931, 143, 1),
	(620, '2022-11-13 23:51:04', '2022-11-13 23:51:04', 13, 7, 3, 65913, 127, 1),
	(621, '2022-11-13 23:51:04', '2022-11-13 23:51:04', 13, 7, 3, 65811, 27, 1),
	(622, '2022-11-13 23:51:04', '2022-11-13 23:51:04', 13, 7, 4, 66641, 60, 1),
	(623, '2022-11-13 23:51:04', '2022-11-13 23:51:04', 13, 7, 4, 66642, 53, 1),
	(624, '2022-11-13 23:51:04', '2022-11-13 23:51:04', 13, 7, 4, 66643, 47, 1),
	(625, '2022-11-13 23:51:04', '2022-11-13 23:51:04', 13, 7, 4, 66644, 196, 1),
	(626, '2022-11-13 23:51:04', '2022-11-13 23:51:04', 13, 7, 4, 66645, 129, 1),
	(627, '2022-11-13 23:51:04', '2022-11-13 23:51:04', 13, 7, 4, 66842, 118, 1),
	(628, '2022-11-13 23:51:04', '2022-11-13 23:51:04', 13, 7, 4, 65841, 15, 1),
	(629, '2022-11-13 23:51:04', '2022-11-13 23:51:04', 13, 7, 5, 66651, 31, 1),
	(630, '2022-11-13 23:51:04', '2022-11-13 23:51:04', 13, 7, 5, 66652, 42, 1),
	(631, '2022-11-13 23:51:04', '2022-11-13 23:51:04', 13, 7, 5, 66653, 127, 1),
	(632, '2022-11-13 23:51:04', '2022-11-13 23:51:04', 13, 7, 5, 66654, 100, 1),
	(633, '2022-11-13 23:51:04', '2022-11-13 23:51:04', 13, 7, 5, 66655, 67, 1),
	(634, '2022-11-13 23:51:04', '2022-11-13 23:51:04', 13, 7, 5, 66656, 94, 1),
	(635, '2022-11-13 23:51:04', '2022-11-13 23:51:04', 13, 7, 5, 65851, 104, 1),
	(636, '2022-11-13 23:51:04', '2022-11-13 23:51:04', 13, 7, 6, 66661, 27, 1),
	(637, '2022-11-13 23:51:04', '2022-11-13 23:51:04', 13, 7, 6, 66662, 65, 1),
	(638, '2022-11-13 23:51:04', '2022-11-13 23:51:04', 13, 7, 6, 66663, 1, 1),
	(639, '2022-11-13 23:51:04', '2022-11-13 23:51:04', 13, 7, 6, 66664, 15, 1),
	(640, '2022-11-13 23:51:04', '2022-11-13 23:51:04', 13, 7, 6, 66660, 69, 1),
	(641, '2022-11-13 23:51:04', '2022-11-13 23:51:04', 13, 7, 6, 64054, 57, 1),
	(642, '2022-11-13 23:51:04', '2022-11-13 23:51:04', 13, 7, 6, 65852, 49, 1),
	(643, '2022-11-13 23:51:04', '2022-11-13 23:51:04', 13, 7, 7, 66671, 27, 1),
	(644, '2022-11-13 23:51:04', '2022-11-13 23:51:04', 13, 7, 7, 66672, 148, 1),
	(645, '2022-11-13 23:51:04', '2022-11-13 23:51:04', 13, 7, 7, 66673, 0, 1),
	(646, '2022-11-13 23:51:04', '2022-11-13 23:51:04', 13, 7, 7, 66674, 110, 1),
	(647, '2022-11-13 23:51:04', '2022-11-13 23:51:04', 13, 7, 7, 66675, 62, 1),
	(648, '2022-11-13 23:51:04', '2022-11-13 23:51:04', 13, 7, 7, 66670, 45, 1),
	(649, '2022-11-13 23:51:04', '2022-11-13 23:51:04', 13, 7, 7, 65853, 16, 1),
	(650, '2022-11-13 23:51:04', '2022-11-13 23:51:04', 13, 7, 8, 0, 53, 1),
	(651, '2022-11-13 23:51:04', '2022-11-13 23:51:04', 14, 7, 1, 66611, 16, 1),
	(652, '2022-11-13 23:51:04', '2022-11-13 23:51:04', 14, 7, 1, 66712, 89, 1),
	(653, '2022-11-13 23:51:04', '2022-11-13 23:51:04', 14, 7, 1, 65911, 19, 1),
	(654, '2022-11-13 23:51:04', '2022-11-13 23:51:04', 14, 7, 1, 65912, 20, 1),
	(655, '2022-11-13 23:51:04', '2022-11-13 23:51:04', 14, 7, 1, 65711, 123, 1),
	(656, '2022-11-13 23:51:04', '2022-11-13 23:51:04', 14, 7, 1, 65712, 16, 1),
	(657, '2022-11-13 23:51:04', '2022-11-13 23:51:04', 14, 7, 1, 65812, 4, 1),
	(658, '2022-11-13 23:51:04', '2022-11-13 23:51:04', 14, 7, 2, 66621, 97, 1),
	(659, '2022-11-13 23:51:04', '2022-11-13 23:51:04', 14, 7, 2, 66622, 0, 1),
	(660, '2022-11-13 23:51:04', '2022-11-13 23:51:04', 14, 7, 2, 66623, 4, 1),
	(661, '2022-11-13 23:51:04', '2022-11-13 23:51:04', 14, 7, 2, 66823, 9, 1),
	(662, '2022-11-13 23:51:04', '2022-11-13 23:51:04', 14, 7, 2, 65921, 3, 1),
	(663, '2022-11-13 23:51:04', '2022-11-13 23:51:04', 14, 7, 2, 65922, 82, 1),
	(664, '2022-11-13 23:51:04', '2022-11-13 23:51:04', 14, 7, 2, 65722, 78, 1),
	(665, '2022-11-13 23:51:04', '2022-11-13 23:51:04', 14, 7, 3, 66631, 62, 1),
	(666, '2022-11-13 23:51:04', '2022-11-13 23:51:04', 14, 7, 3, 66632, 26, 1),
	(667, '2022-11-13 23:51:04', '2022-11-13 23:51:04', 14, 7, 3, 66633, 58, 1),
	(668, '2022-11-13 23:51:04', '2022-11-13 23:51:04', 14, 7, 3, 66634, 99, 1),
	(669, '2022-11-13 23:51:04', '2022-11-13 23:51:04', 14, 7, 3, 65931, 138, 1),
	(670, '2022-11-13 23:51:04', '2022-11-13 23:51:04', 14, 7, 3, 65913, 119, 1),
	(671, '2022-11-13 23:51:04', '2022-11-13 23:51:04', 14, 7, 3, 65811, 101, 1),
	(672, '2022-11-13 23:51:04', '2022-11-13 23:51:04', 14, 7, 4, 66641, 40, 1),
	(673, '2022-11-13 23:51:04', '2022-11-13 23:51:04', 14, 7, 4, 66642, 12, 1),
	(674, '2022-11-13 23:51:04', '2022-11-13 23:51:04', 14, 7, 4, 66643, 79, 1),
	(675, '2022-11-13 23:51:04', '2022-11-13 23:51:04', 14, 7, 4, 66644, 74, 1),
	(676, '2022-11-13 23:51:04', '2022-11-13 23:51:04', 14, 7, 4, 66645, 78, 1),
	(677, '2022-11-13 23:51:04', '2022-11-13 23:51:04', 14, 7, 4, 66842, 188, 1),
	(678, '2022-11-13 23:51:04', '2022-11-13 23:51:04', 14, 7, 4, 65841, 68, 1),
	(679, '2022-11-13 23:51:04', '2022-11-13 23:51:04', 14, 7, 5, 66651, 93, 1),
	(680, '2022-11-13 23:51:04', '2022-11-13 23:51:04', 14, 7, 5, 66652, 117, 1),
	(681, '2022-11-13 23:51:04', '2022-11-13 23:51:04', 14, 7, 5, 66653, 61, 1),
	(682, '2022-11-13 23:51:04', '2022-11-13 23:51:04', 14, 7, 5, 66654, 42, 1),
	(683, '2022-11-13 23:51:04', '2022-11-13 23:51:04', 14, 7, 5, 66655, 151, 1),
	(684, '2022-11-13 23:51:04', '2022-11-13 23:51:04', 14, 7, 5, 66656, 82, 1),
	(685, '2022-11-13 23:51:04', '2022-11-13 23:51:04', 14, 7, 5, 65851, 55, 1),
	(686, '2022-11-13 23:51:04', '2022-11-13 23:51:04', 14, 7, 6, 66661, 44, 1),
	(687, '2022-11-13 23:51:04', '2022-11-13 23:51:04', 14, 7, 6, 66662, 85, 1),
	(688, '2022-11-13 23:51:04', '2022-11-13 23:51:04', 14, 7, 6, 66663, 13, 1),
	(689, '2022-11-13 23:51:04', '2022-11-13 23:51:04', 14, 7, 6, 66664, 46, 1),
	(690, '2022-11-13 23:51:04', '2022-11-13 23:51:04', 14, 7, 6, 66660, 118, 1),
	(691, '2022-11-13 23:51:04', '2022-11-13 23:51:04', 14, 7, 6, 64054, 46, 1),
	(692, '2022-11-13 23:51:04', '2022-11-13 23:51:04', 14, 7, 6, 65852, 44, 1),
	(693, '2022-11-13 23:51:04', '2022-11-13 23:51:04', 14, 7, 7, 66671, 58, 1),
	(694, '2022-11-13 23:51:04', '2022-11-13 23:51:04', 14, 7, 7, 66672, 140, 1),
	(695, '2022-11-13 23:51:04', '2022-11-13 23:51:04', 14, 7, 7, 66673, 31, 1),
	(696, '2022-11-13 23:51:04', '2022-11-13 23:51:04', 14, 7, 7, 66674, 97, 1),
	(697, '2022-11-13 23:51:04', '2022-11-13 23:51:04', 14, 7, 7, 66675, 20, 1),
	(698, '2022-11-13 23:51:04', '2022-11-13 23:51:04', 14, 7, 7, 66670, 59, 1),
	(699, '2022-11-13 23:51:04', '2022-11-13 23:51:04', 14, 7, 7, 65853, 87, 1),
	(700, '2022-11-13 23:51:04', '2022-11-13 23:51:04', 14, 7, 8, 0, 72, 1),
	(701, '2022-11-13 23:51:04', '2022-11-13 23:51:04', 15, 7, 1, 66611, 46, 1),
	(702, '2022-11-13 23:51:04', '2022-11-13 23:51:04', 15, 7, 1, 66712, 164, 1),
	(703, '2022-11-13 23:51:04', '2022-11-13 23:51:04', 15, 7, 1, 65911, 190, 1),
	(704, '2022-11-13 23:51:04', '2022-11-13 23:51:04', 15, 7, 1, 65912, 162, 1),
	(705, '2022-11-13 23:51:04', '2022-11-13 23:51:04', 15, 7, 1, 65711, 123, 1),
	(706, '2022-11-13 23:51:04', '2022-11-13 23:51:04', 15, 7, 1, 65712, 80, 1),
	(707, '2022-11-13 23:51:04', '2022-11-13 23:51:04', 15, 7, 1, 65812, 46, 1),
	(708, '2022-11-13 23:51:04', '2022-11-13 23:51:04', 15, 7, 2, 66621, 86, 1),
	(709, '2022-11-13 23:51:04', '2022-11-13 23:51:04', 15, 7, 2, 66622, 57, 1),
	(710, '2022-11-13 23:51:04', '2022-11-13 23:51:04', 15, 7, 2, 66623, 86, 1),
	(711, '2022-11-13 23:51:04', '2022-11-13 23:51:04', 15, 7, 2, 66823, 95, 1),
	(712, '2022-11-13 23:51:04', '2022-11-13 23:51:04', 15, 7, 2, 65921, 153, 1),
	(713, '2022-11-13 23:51:04', '2022-11-13 23:51:04', 15, 7, 2, 65922, 155, 1),
	(714, '2022-11-13 23:51:04', '2022-11-13 23:51:04', 15, 7, 2, 65722, 66, 1),
	(715, '2022-11-13 23:51:04', '2022-11-13 23:51:04', 15, 7, 3, 66631, 35, 1),
	(716, '2022-11-13 23:51:04', '2022-11-13 23:51:04', 15, 7, 3, 66632, 73, 1),
	(717, '2022-11-13 23:51:04', '2022-11-13 23:51:04', 15, 7, 3, 66633, 73, 1),
	(718, '2022-11-13 23:51:04', '2022-11-13 23:51:04', 15, 7, 3, 66634, 93, 1),
	(719, '2022-11-13 23:51:04', '2022-11-13 23:51:04', 15, 7, 3, 65931, 178, 1),
	(720, '2022-11-13 23:51:04', '2022-11-13 23:51:04', 15, 7, 3, 65913, 182, 1),
	(721, '2022-11-13 23:51:04', '2022-11-13 23:51:04', 15, 7, 3, 65811, 150, 1),
	(722, '2022-11-13 23:51:04', '2022-11-13 23:51:04', 15, 7, 4, 66641, 19, 1),
	(723, '2022-11-13 23:51:04', '2022-11-13 23:51:04', 15, 7, 4, 66642, 20, 1),
	(724, '2022-11-13 23:51:04', '2022-11-13 23:51:04', 15, 7, 4, 66643, 1, 1),
	(725, '2022-11-13 23:51:04', '2022-11-13 23:51:04', 15, 7, 4, 66644, 199, 1),
	(726, '2022-11-13 23:51:04', '2022-11-13 23:51:04', 15, 7, 4, 66645, 49, 1),
	(727, '2022-11-13 23:51:04', '2022-11-13 23:51:04', 15, 7, 4, 66842, 12, 1),
	(728, '2022-11-13 23:51:04', '2022-11-13 23:51:04', 15, 7, 4, 65841, 84, 1),
	(729, '2022-11-13 23:51:04', '2022-11-13 23:51:04', 15, 7, 5, 66651, 108, 1),
	(730, '2022-11-13 23:51:04', '2022-11-13 23:51:04', 15, 7, 5, 66652, 120, 1),
	(731, '2022-11-13 23:51:04', '2022-11-13 23:51:04', 15, 7, 5, 66653, 33, 1),
	(732, '2022-11-13 23:51:04', '2022-11-13 23:51:04', 15, 7, 5, 66654, 93, 1),
	(733, '2022-11-13 23:51:04', '2022-11-13 23:51:04', 15, 7, 5, 66655, 160, 1),
	(734, '2022-11-13 23:51:04', '2022-11-13 23:51:04', 15, 7, 5, 66656, 95, 1),
	(735, '2022-11-13 23:51:04', '2022-11-13 23:51:04', 15, 7, 5, 65851, 121, 1),
	(736, '2022-11-13 23:51:05', '2022-11-13 23:51:05', 15, 7, 6, 66661, 67, 1),
	(737, '2022-11-13 23:51:05', '2022-11-13 23:51:05', 15, 7, 6, 66662, 88, 1),
	(738, '2022-11-13 23:51:05', '2022-11-13 23:51:05', 15, 7, 6, 66663, 63, 1),
	(739, '2022-11-13 23:51:05', '2022-11-13 23:51:05', 15, 7, 6, 66664, 6, 1),
	(740, '2022-11-13 23:51:05', '2022-11-13 23:51:05', 15, 7, 6, 66660, 104, 1),
	(741, '2022-11-13 23:51:05', '2022-11-13 23:51:05', 15, 7, 6, 64054, 85, 1),
	(742, '2022-11-13 23:51:05', '2022-11-13 23:51:05', 15, 7, 6, 65852, 1, 1),
	(743, '2022-11-13 23:51:05', '2022-11-13 23:51:05', 15, 7, 7, 66671, 55, 1),
	(744, '2022-11-13 23:51:05', '2022-11-13 23:51:05', 15, 7, 7, 66672, 67, 1),
	(745, '2022-11-13 23:51:05', '2022-11-13 23:51:05', 15, 7, 7, 66673, 91, 1),
	(746, '2022-11-13 23:51:05', '2022-11-13 23:51:05', 15, 7, 7, 66674, 40, 1),
	(747, '2022-11-13 23:51:05', '2022-11-13 23:51:05', 15, 7, 7, 66675, 9, 1),
	(748, '2022-11-13 23:51:05', '2022-11-13 23:51:05', 15, 7, 7, 66670, 144, 1),
	(749, '2022-11-13 23:51:05', '2022-11-13 23:51:05', 15, 7, 7, 65853, 2, 1),
	(750, '2022-11-13 23:51:05', '2022-11-13 23:51:05', 15, 7, 8, 0, 28, 1),
	(751, '2022-11-13 23:51:05', '2022-11-13 23:51:05', 16, 7, 1, 66611, 18, 1),
	(752, '2022-11-13 23:51:05', '2022-11-13 23:51:05', 16, 7, 1, 66712, 64, 1),
	(753, '2022-11-13 23:51:05', '2022-11-13 23:51:05', 16, 7, 1, 65911, 88, 1),
	(754, '2022-11-13 23:51:05', '2022-11-13 23:51:05', 16, 7, 1, 65912, 41, 1),
	(755, '2022-11-13 23:51:05', '2022-11-13 23:51:05', 16, 7, 1, 65711, 183, 1),
	(756, '2022-11-13 23:51:05', '2022-11-13 23:51:05', 16, 7, 1, 65712, 79, 1),
	(757, '2022-11-13 23:51:05', '2022-11-13 23:51:05', 16, 7, 1, 65812, 1, 1),
	(758, '2022-11-13 23:51:05', '2022-11-13 23:51:05', 16, 7, 2, 66621, 21, 1),
	(759, '2022-11-13 23:51:05', '2022-11-13 23:51:05', 16, 7, 2, 66622, 28, 1),
	(760, '2022-11-13 23:51:05', '2022-11-13 23:51:05', 16, 7, 2, 66623, 56, 1),
	(761, '2022-11-13 23:51:05', '2022-11-13 23:51:05', 16, 7, 2, 66823, 55, 1),
	(762, '2022-11-13 23:51:05', '2022-11-13 23:51:05', 16, 7, 2, 65921, 116, 1),
	(763, '2022-11-13 23:51:05', '2022-11-13 23:51:05', 16, 7, 2, 65922, 188, 1),
	(764, '2022-11-13 23:51:05', '2022-11-13 23:51:05', 16, 7, 2, 65722, 67, 1),
	(765, '2022-11-13 23:51:05', '2022-11-13 23:51:05', 16, 7, 3, 66631, 102, 1),
	(766, '2022-11-13 23:51:05', '2022-11-13 23:51:05', 16, 7, 3, 66632, 42, 1),
	(767, '2022-11-13 23:51:05', '2022-11-13 23:51:05', 16, 7, 3, 66633, 63, 1),
	(768, '2022-11-13 23:51:05', '2022-11-13 23:51:05', 16, 7, 3, 66634, 6, 1),
	(769, '2022-11-13 23:51:05', '2022-11-13 23:51:05', 16, 7, 3, 65931, 81, 1),
	(770, '2022-11-13 23:51:05', '2022-11-13 23:51:05', 16, 7, 3, 65913, 185, 1),
	(771, '2022-11-13 23:51:05', '2022-11-13 23:51:05', 16, 7, 3, 65811, 49, 1),
	(772, '2022-11-13 23:51:05', '2022-11-13 23:51:05', 16, 7, 4, 66641, 134, 1),
	(773, '2022-11-13 23:51:05', '2022-11-13 23:51:05', 16, 7, 4, 66642, 6, 1),
	(774, '2022-11-13 23:51:05', '2022-11-13 23:51:05', 16, 7, 4, 66643, 92, 1),
	(775, '2022-11-13 23:51:05', '2022-11-13 23:51:05', 16, 7, 4, 66644, 142, 1),
	(776, '2022-11-13 23:51:05', '2022-11-13 23:51:05', 16, 7, 4, 66645, 113, 1),
	(777, '2022-11-13 23:51:05', '2022-11-13 23:51:05', 16, 7, 4, 66842, 186, 1),
	(778, '2022-11-13 23:51:05', '2022-11-13 23:51:05', 16, 7, 4, 65841, 82, 1),
	(779, '2022-11-13 23:51:05', '2022-11-13 23:51:05', 16, 7, 5, 66651, 129, 1),
	(780, '2022-11-13 23:51:05', '2022-11-13 23:51:05', 16, 7, 5, 66652, 96, 1),
	(781, '2022-11-13 23:51:05', '2022-11-13 23:51:05', 16, 7, 5, 66653, 138, 1),
	(782, '2022-11-13 23:51:05', '2022-11-13 23:51:05', 16, 7, 5, 66654, 19, 1),
	(783, '2022-11-13 23:51:05', '2022-11-13 23:51:05', 16, 7, 5, 66655, 75, 1),
	(784, '2022-11-13 23:51:05', '2022-11-13 23:51:05', 16, 7, 5, 66656, 5, 1),
	(785, '2022-11-13 23:51:05', '2022-11-13 23:51:05', 16, 7, 5, 65851, 83, 1),
	(786, '2022-11-13 23:51:05', '2022-11-13 23:51:05', 16, 7, 6, 66661, 84, 1),
	(787, '2022-11-13 23:51:05', '2022-11-13 23:51:05', 16, 7, 6, 66662, 64, 1),
	(788, '2022-11-13 23:51:05', '2022-11-13 23:51:05', 16, 7, 6, 66663, 40, 1),
	(789, '2022-11-13 23:51:05', '2022-11-13 23:51:05', 16, 7, 6, 66664, 4, 1),
	(790, '2022-11-13 23:51:05', '2022-11-13 23:51:05', 16, 7, 6, 66660, 57, 1),
	(791, '2022-11-13 23:51:05', '2022-11-13 23:51:05', 16, 7, 6, 64054, 52, 1),
	(792, '2022-11-13 23:51:05', '2022-11-13 23:51:05', 16, 7, 6, 65852, 56, 1),
	(793, '2022-11-13 23:51:05', '2022-11-13 23:51:05', 16, 7, 7, 66671, 3, 1),
	(794, '2022-11-13 23:51:05', '2022-11-13 23:51:05', 16, 7, 7, 66672, 102, 1),
	(795, '2022-11-13 23:51:05', '2022-11-13 23:51:05', 16, 7, 7, 66673, 61, 1),
	(796, '2022-11-13 23:51:05', '2022-11-13 23:51:05', 16, 7, 7, 66674, 40, 1),
	(797, '2022-11-13 23:51:05', '2022-11-13 23:51:05', 16, 7, 7, 66675, 25, 1),
	(798, '2022-11-13 23:51:05', '2022-11-13 23:51:05', 16, 7, 7, 66670, 45, 1),
	(799, '2022-11-13 23:51:05', '2022-11-13 23:51:05', 16, 7, 7, 65853, 97, 1),
	(800, '2022-11-13 23:51:05', '2022-11-13 23:51:05', 16, 7, 8, 0, 26, 1),
	(801, '2022-11-13 23:51:05', '2022-11-13 23:51:05', 17, 7, 1, 66611, 34, 1),
	(802, '2022-11-13 23:51:05', '2022-11-13 23:51:05', 17, 7, 1, 66712, 33, 1),
	(803, '2022-11-13 23:51:05', '2022-11-13 23:51:05', 17, 7, 1, 65911, 93, 1),
	(804, '2022-11-13 23:51:05', '2022-11-13 23:51:05', 17, 7, 1, 65912, 137, 1),
	(805, '2022-11-13 23:51:05', '2022-11-13 23:51:05', 17, 7, 1, 65711, 122, 1),
	(806, '2022-11-13 23:51:05', '2022-11-13 23:51:05', 17, 7, 1, 65712, 0, 1),
	(807, '2022-11-13 23:51:05', '2022-11-13 23:51:05', 17, 7, 1, 65812, 14, 1),
	(808, '2022-11-13 23:51:05', '2022-11-13 23:51:05', 17, 7, 2, 66621, 65, 1),
	(809, '2022-11-13 23:51:05', '2022-11-13 23:51:05', 17, 7, 2, 66622, 6, 1),
	(810, '2022-11-13 23:51:05', '2022-11-13 23:51:05', 17, 7, 2, 66623, 93, 1),
	(811, '2022-11-13 23:51:05', '2022-11-13 23:51:05', 17, 7, 2, 66823, 67, 1),
	(812, '2022-11-13 23:51:05', '2022-11-13 23:51:05', 17, 7, 2, 65921, 200, 1),
	(813, '2022-11-13 23:51:05', '2022-11-13 23:51:05', 17, 7, 2, 65922, 189, 1),
	(814, '2022-11-13 23:51:05', '2022-11-13 23:51:05', 17, 7, 2, 65722, 95, 1),
	(815, '2022-11-13 23:51:05', '2022-11-13 23:51:05', 17, 7, 3, 66631, 112, 1),
	(816, '2022-11-13 23:51:05', '2022-11-13 23:51:05', 17, 7, 3, 66632, 136, 1),
	(817, '2022-11-13 23:51:05', '2022-11-13 23:51:05', 17, 7, 3, 66633, 36, 1),
	(818, '2022-11-13 23:51:05', '2022-11-13 23:51:05', 17, 7, 3, 66634, 47, 1),
	(819, '2022-11-13 23:51:05', '2022-11-13 23:51:05', 17, 7, 3, 65931, 171, 1),
	(820, '2022-11-13 23:51:05', '2022-11-13 23:51:05', 17, 7, 3, 65913, 5, 1),
	(821, '2022-11-13 23:51:05', '2022-11-13 23:51:05', 17, 7, 3, 65811, 142, 1),
	(822, '2022-11-13 23:51:05', '2022-11-13 23:51:05', 17, 7, 4, 66641, 89, 1),
	(823, '2022-11-13 23:51:05', '2022-11-13 23:51:05', 17, 7, 4, 66642, 74, 1),
	(824, '2022-11-13 23:51:05', '2022-11-13 23:51:05', 17, 7, 4, 66643, 88, 1),
	(825, '2022-11-13 23:51:05', '2022-11-13 23:51:05', 17, 7, 4, 66644, 105, 1),
	(826, '2022-11-13 23:51:05', '2022-11-13 23:51:05', 17, 7, 4, 66645, 75, 1),
	(827, '2022-11-13 23:51:05', '2022-11-13 23:51:05', 17, 7, 4, 66842, 151, 1),
	(828, '2022-11-13 23:51:05', '2022-11-13 23:51:05', 17, 7, 4, 65841, 29, 1),
	(829, '2022-11-13 23:51:05', '2022-11-13 23:51:05', 17, 7, 5, 66651, 50, 1),
	(830, '2022-11-13 23:51:05', '2022-11-13 23:51:05', 17, 7, 5, 66652, 52, 1),
	(831, '2022-11-13 23:51:05', '2022-11-13 23:51:05', 17, 7, 5, 66653, 47, 1),
	(832, '2022-11-13 23:51:05', '2022-11-13 23:51:05', 17, 7, 5, 66654, 82, 1),
	(833, '2022-11-13 23:51:05', '2022-11-13 23:51:05', 17, 7, 5, 66655, 183, 1),
	(834, '2022-11-13 23:51:05', '2022-11-13 23:51:05', 17, 7, 5, 66656, 84, 1),
	(835, '2022-11-13 23:51:05', '2022-11-13 23:51:05', 17, 7, 5, 65851, 65, 1),
	(836, '2022-11-13 23:51:05', '2022-11-13 23:51:05', 17, 7, 6, 66661, 23, 1),
	(837, '2022-11-13 23:51:05', '2022-11-13 23:51:05', 17, 7, 6, 66662, 73, 1),
	(838, '2022-11-13 23:51:05', '2022-11-13 23:51:05', 17, 7, 6, 66663, 56, 1),
	(839, '2022-11-13 23:51:05', '2022-11-13 23:51:05', 17, 7, 6, 66664, 112, 1),
	(840, '2022-11-13 23:51:05', '2022-11-13 23:51:05', 17, 7, 6, 66660, 145, 1),
	(841, '2022-11-13 23:51:05', '2022-11-13 23:51:05', 17, 7, 6, 64054, 18, 1),
	(842, '2022-11-13 23:51:05', '2022-11-13 23:51:05', 17, 7, 6, 65852, 50, 1),
	(843, '2022-11-13 23:51:05', '2022-11-13 23:51:05', 17, 7, 7, 66671, 0, 1),
	(844, '2022-11-13 23:51:05', '2022-11-13 23:51:05', 17, 7, 7, 66672, 50, 1),
	(845, '2022-11-13 23:51:05', '2022-11-13 23:51:05', 17, 7, 7, 66673, 42, 1),
	(846, '2022-11-13 23:51:05', '2022-11-13 23:51:05', 17, 7, 7, 66674, 170, 1),
	(847, '2022-11-13 23:51:05', '2022-11-13 23:51:05', 17, 7, 7, 66675, 28, 1),
	(848, '2022-11-13 23:51:05', '2022-11-13 23:51:05', 17, 7, 7, 66670, 96, 1),
	(849, '2022-11-13 23:51:05', '2022-11-13 23:51:05', 17, 7, 7, 65853, 83, 1),
	(850, '2022-11-13 23:51:05', '2022-11-13 23:51:05', 17, 7, 8, 0, 69, 1),
	(851, '2022-11-13 23:51:05', '2022-11-13 23:51:05', 18, 7, 1, 66611, 55, 1),
	(852, '2022-11-13 23:51:05', '2022-11-13 23:51:05', 18, 7, 1, 66712, 157, 1),
	(853, '2022-11-13 23:51:05', '2022-11-13 23:51:05', 18, 7, 1, 65911, 108, 1),
	(854, '2022-11-13 23:51:05', '2022-11-13 23:51:05', 18, 7, 1, 65912, 36, 1),
	(855, '2022-11-13 23:51:05', '2022-11-13 23:51:05', 18, 7, 1, 65711, 9, 1),
	(856, '2022-11-13 23:51:05', '2022-11-13 23:51:05', 18, 7, 1, 65712, 70, 1),
	(857, '2022-11-13 23:51:05', '2022-11-13 23:51:05', 18, 7, 1, 65812, 45, 1),
	(858, '2022-11-13 23:51:05', '2022-11-13 23:51:05', 18, 7, 2, 66621, 18, 1),
	(859, '2022-11-13 23:51:05', '2022-11-13 23:51:05', 18, 7, 2, 66622, 74, 1),
	(860, '2022-11-13 23:51:05', '2022-11-13 23:51:05', 18, 7, 2, 66623, 73, 1),
	(861, '2022-11-13 23:51:05', '2022-11-13 23:51:05', 18, 7, 2, 66823, 107, 1),
	(862, '2022-11-13 23:51:05', '2022-11-13 23:51:05', 18, 7, 2, 65921, 195, 1),
	(863, '2022-11-13 23:51:05', '2022-11-13 23:51:05', 18, 7, 2, 65922, 120, 1),
	(864, '2022-11-13 23:51:05', '2022-11-13 23:51:05', 18, 7, 2, 65722, 50, 1),
	(865, '2022-11-13 23:51:05', '2022-11-13 23:51:05', 18, 7, 3, 66631, 30, 1),
	(866, '2022-11-13 23:51:05', '2022-11-13 23:51:05', 18, 7, 3, 66632, 35, 1),
	(867, '2022-11-13 23:51:05', '2022-11-13 23:51:05', 18, 7, 3, 66633, 92, 1),
	(868, '2022-11-13 23:51:05', '2022-11-13 23:51:05', 18, 7, 3, 66634, 79, 1),
	(869, '2022-11-13 23:51:05', '2022-11-13 23:51:05', 18, 7, 3, 65931, 156, 1),
	(870, '2022-11-13 23:51:05', '2022-11-13 23:51:05', 18, 7, 3, 65913, 28, 1),
	(871, '2022-11-13 23:51:05', '2022-11-13 23:51:05', 18, 7, 3, 65811, 126, 1),
	(872, '2022-11-13 23:51:05', '2022-11-13 23:51:05', 18, 7, 4, 66641, 33, 1),
	(873, '2022-11-13 23:51:05', '2022-11-13 23:51:05', 18, 7, 4, 66642, 4, 1),
	(874, '2022-11-13 23:51:05', '2022-11-13 23:51:05', 18, 7, 4, 66643, 83, 1),
	(875, '2022-11-13 23:51:05', '2022-11-13 23:51:05', 18, 7, 4, 66644, 3, 1),
	(876, '2022-11-13 23:51:05', '2022-11-13 23:51:05', 18, 7, 4, 66645, 130, 1),
	(877, '2022-11-13 23:51:05', '2022-11-13 23:51:05', 18, 7, 4, 66842, 200, 1),
	(878, '2022-11-13 23:51:05', '2022-11-13 23:51:05', 18, 7, 4, 65841, 12, 1),
	(879, '2022-11-13 23:51:05', '2022-11-13 23:51:05', 18, 7, 5, 66651, 62, 1),
	(880, '2022-11-13 23:51:05', '2022-11-13 23:51:05', 18, 7, 5, 66652, 103, 1),
	(881, '2022-11-13 23:51:05', '2022-11-13 23:51:05', 18, 7, 5, 66653, 144, 1),
	(882, '2022-11-13 23:51:05', '2022-11-13 23:51:05', 18, 7, 5, 66654, 95, 1),
	(883, '2022-11-13 23:51:05', '2022-11-13 23:51:05', 18, 7, 5, 66655, 137, 1),
	(884, '2022-11-13 23:51:06', '2022-11-13 23:51:06', 18, 7, 5, 66656, 74, 1),
	(885, '2022-11-13 23:51:06', '2022-11-13 23:51:06', 18, 7, 5, 65851, 150, 1),
	(886, '2022-11-13 23:51:06', '2022-11-13 23:51:06', 18, 7, 6, 66661, 90, 1),
	(887, '2022-11-13 23:51:06', '2022-11-13 23:51:06', 18, 7, 6, 66662, 146, 1),
	(888, '2022-11-13 23:51:06', '2022-11-13 23:51:06', 18, 7, 6, 66663, 67, 1),
	(889, '2022-11-13 23:51:06', '2022-11-13 23:51:06', 18, 7, 6, 66664, 94, 1),
	(890, '2022-11-13 23:51:06', '2022-11-13 23:51:06', 18, 7, 6, 66660, 82, 1),
	(891, '2022-11-13 23:51:06', '2022-11-13 23:51:06', 18, 7, 6, 64054, 76, 1),
	(892, '2022-11-13 23:51:06', '2022-11-13 23:51:06', 18, 7, 6, 65852, 94, 1),
	(893, '2022-11-13 23:51:06', '2022-11-13 23:51:06', 18, 7, 7, 66671, 123, 1),
	(894, '2022-11-13 23:51:06', '2022-11-13 23:51:06', 18, 7, 7, 66672, 147, 1),
	(895, '2022-11-13 23:51:06', '2022-11-13 23:51:06', 18, 7, 7, 66673, 68, 1),
	(896, '2022-11-13 23:51:06', '2022-11-13 23:51:06', 18, 7, 7, 66674, 37, 1),
	(897, '2022-11-13 23:51:06', '2022-11-13 23:51:06', 18, 7, 7, 66675, 86, 1),
	(898, '2022-11-13 23:51:06', '2022-11-13 23:51:06', 18, 7, 7, 66670, 102, 1),
	(899, '2022-11-13 23:51:06', '2022-11-13 23:51:06', 18, 7, 7, 65853, 19, 1),
	(900, '2022-11-13 23:51:06', '2022-11-13 23:51:06', 18, 7, 8, 0, 34, 1),
	(901, '2022-11-13 23:51:06', '2022-11-13 23:51:06', 19, 7, 1, 66611, 14, 1),
	(902, '2022-11-13 23:51:06', '2022-11-13 23:51:06', 19, 7, 1, 66712, 41, 1),
	(903, '2022-11-13 23:51:06', '2022-11-13 23:51:06', 19, 7, 1, 65911, 133, 1),
	(904, '2022-11-13 23:51:06', '2022-11-13 23:51:06', 19, 7, 1, 65912, 71, 1),
	(905, '2022-11-13 23:51:06', '2022-11-13 23:51:06', 19, 7, 1, 65711, 60, 1),
	(906, '2022-11-13 23:51:06', '2022-11-13 23:51:06', 19, 7, 1, 65712, 45, 1),
	(907, '2022-11-13 23:51:06', '2022-11-13 23:51:06', 19, 7, 1, 65812, 39, 1),
	(908, '2022-11-13 23:51:06', '2022-11-13 23:51:06', 19, 7, 2, 66621, 8, 1),
	(909, '2022-11-13 23:51:06', '2022-11-13 23:51:06', 19, 7, 2, 66622, 45, 1),
	(910, '2022-11-13 23:51:06', '2022-11-13 23:51:06', 19, 7, 2, 66623, 35, 1),
	(911, '2022-11-13 23:51:06', '2022-11-13 23:51:06', 19, 7, 2, 66823, 117, 1),
	(912, '2022-11-13 23:51:06', '2022-11-13 23:51:06', 19, 7, 2, 65921, 68, 1),
	(913, '2022-11-13 23:51:06', '2022-11-13 23:51:06', 19, 7, 2, 65922, 121, 1),
	(914, '2022-11-13 23:51:06', '2022-11-13 23:51:06', 19, 7, 2, 65722, 80, 1),
	(915, '2022-11-13 23:51:06', '2022-11-13 23:51:06', 19, 7, 3, 66631, 88, 1),
	(916, '2022-11-13 23:51:06', '2022-11-13 23:51:06', 19, 7, 3, 66632, 0, 1),
	(917, '2022-11-13 23:51:06', '2022-11-13 23:51:06', 19, 7, 3, 66633, 98, 1),
	(918, '2022-11-13 23:51:06', '2022-11-13 23:51:06', 19, 7, 3, 66634, 51, 1),
	(919, '2022-11-13 23:51:06', '2022-11-13 23:51:06', 19, 7, 3, 65931, 19, 1),
	(920, '2022-11-13 23:51:06', '2022-11-13 23:51:06', 19, 7, 3, 65913, 36, 1),
	(921, '2022-11-13 23:51:06', '2022-11-13 23:51:06', 19, 7, 3, 65811, 51, 1),
	(922, '2022-11-13 23:51:06', '2022-11-13 23:51:06', 19, 7, 4, 66641, 25, 1),
	(923, '2022-11-13 23:51:06', '2022-11-13 23:51:06', 19, 7, 4, 66642, 114, 1),
	(924, '2022-11-13 23:51:06', '2022-11-13 23:51:06', 19, 7, 4, 66643, 71, 1),
	(925, '2022-11-13 23:51:06', '2022-11-13 23:51:06', 19, 7, 4, 66644, 129, 1),
	(926, '2022-11-13 23:51:06', '2022-11-13 23:51:06', 19, 7, 4, 66645, 94, 1),
	(927, '2022-11-13 23:51:06', '2022-11-13 23:51:06', 19, 7, 4, 66842, 155, 1),
	(928, '2022-11-13 23:51:06', '2022-11-13 23:51:06', 19, 7, 4, 65841, 32, 1),
	(929, '2022-11-13 23:51:06', '2022-11-13 23:51:06', 19, 7, 5, 66651, 57, 1),
	(930, '2022-11-13 23:51:06', '2022-11-13 23:51:06', 19, 7, 5, 66652, 52, 1),
	(931, '2022-11-13 23:51:06', '2022-11-13 23:51:06', 19, 7, 5, 66653, 102, 1),
	(932, '2022-11-13 23:51:06', '2022-11-13 23:51:06', 19, 7, 5, 66654, 86, 1),
	(933, '2022-11-13 23:51:06', '2022-11-13 23:51:06', 19, 7, 5, 66655, 104, 1),
	(934, '2022-11-13 23:51:06', '2022-11-13 23:51:06', 19, 7, 5, 66656, 63, 1),
	(935, '2022-11-13 23:51:06', '2022-11-13 23:51:06', 19, 7, 5, 65851, 130, 1),
	(936, '2022-11-13 23:51:06', '2022-11-13 23:51:06', 19, 7, 6, 66661, 156, 1),
	(937, '2022-11-13 23:51:06', '2022-11-13 23:51:06', 19, 7, 6, 66662, 142, 1),
	(938, '2022-11-13 23:51:06', '2022-11-13 23:51:06', 19, 7, 6, 66663, 40, 1),
	(939, '2022-11-13 23:51:06', '2022-11-13 23:51:06', 19, 7, 6, 66664, 23, 1),
	(940, '2022-11-13 23:51:06', '2022-11-13 23:51:06', 19, 7, 6, 66660, 5, 1),
	(941, '2022-11-13 23:51:06', '2022-11-13 23:51:06', 19, 7, 6, 64054, 61, 1),
	(942, '2022-11-13 23:51:06', '2022-11-13 23:51:06', 19, 7, 6, 65852, 2, 1),
	(943, '2022-11-13 23:51:06', '2022-11-13 23:51:06', 19, 7, 7, 66671, 20, 1),
	(944, '2022-11-13 23:51:06', '2022-11-13 23:51:06', 19, 7, 7, 66672, 87, 1),
	(945, '2022-11-13 23:51:06', '2022-11-13 23:51:06', 19, 7, 7, 66673, 52, 1),
	(946, '2022-11-13 23:51:06', '2022-11-13 23:51:06', 19, 7, 7, 66674, 22, 1),
	(947, '2022-11-13 23:51:06', '2022-11-13 23:51:06', 19, 7, 7, 66675, 15, 1),
	(948, '2022-11-13 23:51:06', '2022-11-13 23:51:06', 19, 7, 7, 66670, 140, 1),
	(949, '2022-11-13 23:51:06', '2022-11-13 23:51:06', 19, 7, 7, 65853, 2, 1),
	(950, '2022-11-13 23:51:06', '2022-11-13 23:51:06', 19, 7, 8, 0, 87, 1),
	(951, '2022-11-13 23:51:06', '2022-11-13 23:51:06', 20, 7, 1, 66611, 58, 1),
	(952, '2022-11-13 23:51:06', '2022-11-13 23:51:06', 20, 7, 1, 66712, 66, 1),
	(953, '2022-11-13 23:51:06', '2022-11-13 23:51:06', 20, 7, 1, 65911, 34, 1),
	(954, '2022-11-13 23:51:06', '2022-11-13 23:51:06', 20, 7, 1, 65912, 119, 1),
	(955, '2022-11-13 23:51:06', '2022-11-13 23:51:06', 20, 7, 1, 65711, 127, 1),
	(956, '2022-11-13 23:51:06', '2022-11-13 23:51:06', 20, 7, 1, 65712, 1, 1),
	(957, '2022-11-13 23:51:06', '2022-11-13 23:51:06', 20, 7, 1, 65812, 47, 1),
	(958, '2022-11-13 23:51:06', '2022-11-13 23:51:06', 20, 7, 2, 66621, 3, 1),
	(959, '2022-11-13 23:51:06', '2022-11-13 23:51:06', 20, 7, 2, 66622, 38, 1),
	(960, '2022-11-13 23:51:06', '2022-11-13 23:51:06', 20, 7, 2, 66623, 97, 1),
	(961, '2022-11-13 23:51:06', '2022-11-13 23:51:06', 20, 7, 2, 66823, 135, 1),
	(962, '2022-11-13 23:51:06', '2022-11-13 23:51:06', 20, 7, 2, 65921, 137, 1),
	(963, '2022-11-13 23:51:06', '2022-11-13 23:51:06', 20, 7, 2, 65922, 56, 1),
	(964, '2022-11-13 23:51:06', '2022-11-13 23:51:06', 20, 7, 2, 65722, 19, 1),
	(965, '2022-11-13 23:51:06', '2022-11-13 23:51:06', 20, 7, 3, 66631, 19, 1),
	(966, '2022-11-13 23:51:06', '2022-11-13 23:51:06', 20, 7, 3, 66632, 136, 1),
	(967, '2022-11-13 23:51:06', '2022-11-13 23:51:06', 20, 7, 3, 66633, 87, 1),
	(968, '2022-11-13 23:51:06', '2022-11-13 23:51:06', 20, 7, 3, 66634, 47, 1),
	(969, '2022-11-13 23:51:06', '2022-11-13 23:51:06', 20, 7, 3, 65931, 88, 1),
	(970, '2022-11-13 23:51:06', '2022-11-13 23:51:06', 20, 7, 3, 65913, 168, 1),
	(971, '2022-11-13 23:51:06', '2022-11-13 23:51:06', 20, 7, 3, 65811, 67, 1),
	(972, '2022-11-13 23:51:06', '2022-11-13 23:51:06', 20, 7, 4, 66641, 91, 1),
	(973, '2022-11-13 23:51:06', '2022-11-13 23:51:06', 20, 7, 4, 66642, 53, 1),
	(974, '2022-11-13 23:51:06', '2022-11-13 23:51:06', 20, 7, 4, 66643, 62, 1),
	(975, '2022-11-13 23:51:06', '2022-11-13 23:51:06', 20, 7, 4, 66644, 129, 1),
	(976, '2022-11-13 23:51:06', '2022-11-13 23:51:06', 20, 7, 4, 66645, 42, 1),
	(977, '2022-11-13 23:51:06', '2022-11-13 23:51:06', 20, 7, 4, 66842, 36, 1),
	(978, '2022-11-13 23:51:06', '2022-11-13 23:51:06', 20, 7, 4, 65841, 28, 1),
	(979, '2022-11-13 23:51:06', '2022-11-13 23:51:06', 20, 7, 5, 66651, 104, 1),
	(980, '2022-11-13 23:51:06', '2022-11-13 23:51:06', 20, 7, 5, 66652, 133, 1),
	(981, '2022-11-13 23:51:06', '2022-11-13 23:51:06', 20, 7, 5, 66653, 104, 1),
	(982, '2022-11-13 23:51:06', '2022-11-13 23:51:06', 20, 7, 5, 66654, 46, 1),
	(983, '2022-11-13 23:51:06', '2022-11-13 23:51:06', 20, 7, 5, 66655, 108, 1),
	(984, '2022-11-13 23:51:06', '2022-11-13 23:51:06', 20, 7, 5, 66656, 36, 1),
	(985, '2022-11-13 23:51:06', '2022-11-13 23:51:06', 20, 7, 5, 65851, 50, 1),
	(986, '2022-11-13 23:51:06', '2022-11-13 23:51:06', 20, 7, 6, 66661, 116, 1),
	(987, '2022-11-13 23:51:06', '2022-11-13 23:51:06', 20, 7, 6, 66662, 37, 1),
	(988, '2022-11-13 23:51:06', '2022-11-13 23:51:06', 20, 7, 6, 66663, 44, 1),
	(989, '2022-11-13 23:51:06', '2022-11-13 23:51:06', 20, 7, 6, 66664, 62, 1),
	(990, '2022-11-13 23:51:06', '2022-11-13 23:51:06', 20, 7, 6, 66660, 98, 1),
	(991, '2022-11-13 23:51:06', '2022-11-13 23:51:06', 20, 7, 6, 64054, 69, 1),
	(992, '2022-11-13 23:51:06', '2022-11-13 23:51:06', 20, 7, 6, 65852, 7, 1),
	(993, '2022-11-13 23:51:06', '2022-11-13 23:51:06', 20, 7, 7, 66671, 135, 1),
	(994, '2022-11-13 23:51:06', '2022-11-13 23:51:06', 20, 7, 7, 66672, 194, 1),
	(995, '2022-11-13 23:51:06', '2022-11-13 23:51:06', 20, 7, 7, 66673, 4, 1),
	(996, '2022-11-13 23:51:06', '2022-11-13 23:51:06', 20, 7, 7, 66674, 199, 1),
	(997, '2022-11-13 23:51:06', '2022-11-13 23:51:06', 20, 7, 7, 66675, 75, 1),
	(998, '2022-11-13 23:51:06', '2022-11-13 23:51:06', 20, 7, 7, 66670, 14, 1),
	(999, '2022-11-13 23:51:06', '2022-11-13 23:51:06', 20, 7, 7, 65853, 6, 1),
	(1000, '2022-11-13 23:51:06', '2022-11-13 23:51:06', 20, 7, 8, 0, 6, 1),
	(1001, '2022-11-13 23:51:06', '2022-11-13 23:51:06', 21, 7, 1, 66611, 21, 1),
	(1002, '2022-11-13 23:51:06', '2022-11-13 23:51:06', 21, 7, 1, 66712, 134, 1),
	(1003, '2022-11-13 23:51:06', '2022-11-13 23:51:06', 21, 7, 1, 65911, 188, 1),
	(1004, '2022-11-13 23:51:06', '2022-11-13 23:51:06', 21, 7, 1, 65912, 121, 1),
	(1005, '2022-11-13 23:51:06', '2022-11-13 23:51:06', 21, 7, 1, 65711, 192, 1),
	(1006, '2022-11-13 23:51:06', '2022-11-13 23:51:06', 21, 7, 1, 65712, 9, 1),
	(1007, '2022-11-13 23:51:06', '2022-11-13 23:51:06', 21, 7, 1, 65812, 3, 1),
	(1008, '2022-11-13 23:51:06', '2022-11-13 23:51:06', 21, 7, 2, 66621, 71, 1),
	(1009, '2022-11-13 23:51:06', '2022-11-13 23:51:06', 21, 7, 2, 66622, 13, 1),
	(1010, '2022-11-13 23:51:06', '2022-11-13 23:51:06', 21, 7, 2, 66623, 73, 1),
	(1011, '2022-11-13 23:51:06', '2022-11-13 23:51:06', 21, 7, 2, 66823, 33, 1),
	(1012, '2022-11-13 23:51:06', '2022-11-13 23:51:06', 21, 7, 2, 65921, 199, 1),
	(1013, '2022-11-13 23:51:06', '2022-11-13 23:51:06', 21, 7, 2, 65922, 155, 1),
	(1014, '2022-11-13 23:51:06', '2022-11-13 23:51:06', 21, 7, 2, 65722, 65, 1),
	(1015, '2022-11-13 23:51:06', '2022-11-13 23:51:06', 21, 7, 3, 66631, 68, 1),
	(1016, '2022-11-13 23:51:06', '2022-11-13 23:51:06', 21, 7, 3, 66632, 68, 1),
	(1017, '2022-11-13 23:51:06', '2022-11-13 23:51:06', 21, 7, 3, 66633, 3, 1),
	(1018, '2022-11-13 23:51:06', '2022-11-13 23:51:06', 21, 7, 3, 66634, 95, 1),
	(1019, '2022-11-13 23:51:06', '2022-11-13 23:51:06', 21, 7, 3, 65931, 188, 1),
	(1020, '2022-11-13 23:51:06', '2022-11-13 23:51:06', 21, 7, 3, 65913, 108, 1),
	(1021, '2022-11-13 23:51:06', '2022-11-13 23:51:06', 21, 7, 3, 65811, 124, 1),
	(1022, '2022-11-13 23:51:06', '2022-11-13 23:51:06', 21, 7, 4, 66641, 11, 1),
	(1023, '2022-11-13 23:51:06', '2022-11-13 23:51:06', 21, 7, 4, 66642, 149, 1),
	(1024, '2022-11-13 23:51:06', '2022-11-13 23:51:06', 21, 7, 4, 66643, 54, 1),
	(1025, '2022-11-13 23:51:06', '2022-11-13 23:51:06', 21, 7, 4, 66644, 170, 1),
	(1026, '2022-11-13 23:51:06', '2022-11-13 23:51:06', 21, 7, 4, 66645, 81, 1),
	(1027, '2022-11-13 23:51:06', '2022-11-13 23:51:06', 21, 7, 4, 66842, 72, 1),
	(1028, '2022-11-13 23:51:06', '2022-11-13 23:51:06', 21, 7, 4, 65841, 49, 1),
	(1029, '2022-11-13 23:51:06', '2022-11-13 23:51:06', 21, 7, 5, 66651, 86, 1),
	(1030, '2022-11-13 23:51:07', '2022-11-13 23:51:07', 21, 7, 5, 66652, 16, 1),
	(1031, '2022-11-13 23:51:07', '2022-11-13 23:51:07', 21, 7, 5, 66653, 141, 1),
	(1032, '2022-11-13 23:51:07', '2022-11-13 23:51:07', 21, 7, 5, 66654, 74, 1),
	(1033, '2022-11-13 23:51:07', '2022-11-13 23:51:07', 21, 7, 5, 66655, 144, 1),
	(1034, '2022-11-13 23:51:07', '2022-11-13 23:51:07', 21, 7, 5, 66656, 25, 1),
	(1035, '2022-11-13 23:51:07', '2022-11-13 23:51:07', 21, 7, 5, 65851, 51, 1),
	(1036, '2022-11-13 23:51:07', '2022-11-13 23:51:07', 21, 7, 6, 66661, 166, 1),
	(1037, '2022-11-13 23:51:07', '2022-11-13 23:51:07', 21, 7, 6, 66662, 142, 1),
	(1038, '2022-11-13 23:51:07', '2022-11-13 23:51:07', 21, 7, 6, 66663, 41, 1),
	(1039, '2022-11-13 23:51:07', '2022-11-13 23:51:07', 21, 7, 6, 66664, 139, 1),
	(1040, '2022-11-13 23:51:07', '2022-11-13 23:51:07', 21, 7, 6, 66660, 102, 1),
	(1041, '2022-11-13 23:51:07', '2022-11-13 23:51:07', 21, 7, 6, 64054, 70, 1),
	(1042, '2022-11-13 23:51:07', '2022-11-13 23:51:07', 21, 7, 6, 65852, 24, 1),
	(1043, '2022-11-13 23:51:07', '2022-11-13 23:51:07', 21, 7, 7, 66671, 2, 1),
	(1044, '2022-11-13 23:51:07', '2022-11-13 23:51:07', 21, 7, 7, 66672, 18, 1),
	(1045, '2022-11-13 23:51:07', '2022-11-13 23:51:07', 21, 7, 7, 66673, 77, 1),
	(1046, '2022-11-13 23:51:07', '2022-11-13 23:51:07', 21, 7, 7, 66674, 39, 1),
	(1047, '2022-11-13 23:51:07', '2022-11-13 23:51:07', 21, 7, 7, 66675, 58, 1),
	(1048, '2022-11-13 23:51:07', '2022-11-13 23:51:07', 21, 7, 7, 66670, 144, 1),
	(1049, '2022-11-13 23:51:07', '2022-11-13 23:51:07', 21, 7, 7, 65853, 73, 1),
	(1050, '2022-11-13 23:51:07', '2022-11-13 23:51:07', 21, 7, 8, 0, 100, 1),
	(1051, '2022-11-13 23:51:07', '2022-11-13 23:51:07', 22, 7, 1, 66611, 78, 1),
	(1052, '2022-11-13 23:51:07', '2022-11-13 23:51:07', 22, 7, 1, 66712, 87, 1),
	(1053, '2022-11-13 23:51:07', '2022-11-13 23:51:07', 22, 7, 1, 65911, 151, 1),
	(1054, '2022-11-13 23:51:07', '2022-11-13 23:51:07', 22, 7, 1, 65912, 95, 1),
	(1055, '2022-11-13 23:51:07', '2022-11-13 23:51:07', 22, 7, 1, 65711, 33, 1),
	(1056, '2022-11-13 23:51:07', '2022-11-13 23:51:07', 22, 7, 1, 65712, 92, 1),
	(1057, '2022-11-13 23:51:07', '2022-11-13 23:51:07', 22, 7, 1, 65812, 49, 1),
	(1058, '2022-11-13 23:51:07', '2022-11-13 23:51:07', 22, 7, 2, 66621, 93, 1),
	(1059, '2022-11-13 23:51:07', '2022-11-13 23:51:07', 22, 7, 2, 66622, 56, 1),
	(1060, '2022-11-13 23:51:07', '2022-11-13 23:51:07', 22, 7, 2, 66623, 41, 1),
	(1061, '2022-11-13 23:51:07', '2022-11-13 23:51:07', 22, 7, 2, 66823, 89, 1),
	(1062, '2022-11-13 23:51:07', '2022-11-13 23:51:07', 22, 7, 2, 65921, 164, 1),
	(1063, '2022-11-13 23:51:07', '2022-11-13 23:51:07', 22, 7, 2, 65922, 196, 1),
	(1064, '2022-11-13 23:51:07', '2022-11-13 23:51:07', 22, 7, 2, 65722, 83, 1),
	(1065, '2022-11-13 23:51:07', '2022-11-13 23:51:07', 22, 7, 3, 66631, 10, 1),
	(1066, '2022-11-13 23:51:07', '2022-11-13 23:51:07', 22, 7, 3, 66632, 120, 1),
	(1067, '2022-11-13 23:51:07', '2022-11-13 23:51:07', 22, 7, 3, 66633, 32, 1),
	(1068, '2022-11-13 23:51:07', '2022-11-13 23:51:07', 22, 7, 3, 66634, 42, 1),
	(1069, '2022-11-13 23:51:07', '2022-11-13 23:51:07', 22, 7, 3, 65931, 79, 1),
	(1070, '2022-11-13 23:51:07', '2022-11-13 23:51:07', 22, 7, 3, 65913, 101, 1),
	(1071, '2022-11-13 23:51:07', '2022-11-13 23:51:07', 22, 7, 3, 65811, 123, 1),
	(1072, '2022-11-13 23:51:07', '2022-11-13 23:51:07', 22, 7, 4, 66641, 126, 1),
	(1073, '2022-11-13 23:51:07', '2022-11-13 23:51:07', 22, 7, 4, 66642, 93, 1),
	(1074, '2022-11-13 23:51:07', '2022-11-13 23:51:07', 22, 7, 4, 66643, 35, 1),
	(1075, '2022-11-13 23:51:07', '2022-11-13 23:51:07', 22, 7, 4, 66644, 128, 1),
	(1076, '2022-11-13 23:51:07', '2022-11-13 23:51:07', 22, 7, 4, 66645, 76, 1),
	(1077, '2022-11-13 23:51:07', '2022-11-13 23:51:07', 22, 7, 4, 66842, 28, 1),
	(1078, '2022-11-13 23:51:07', '2022-11-13 23:51:07', 22, 7, 4, 65841, 36, 1),
	(1079, '2022-11-13 23:51:07', '2022-11-13 23:51:07', 22, 7, 5, 66651, 117, 1),
	(1080, '2022-11-13 23:51:07', '2022-11-13 23:51:07', 22, 7, 5, 66652, 125, 1),
	(1081, '2022-11-13 23:51:07', '2022-11-13 23:51:07', 22, 7, 5, 66653, 132, 1),
	(1082, '2022-11-13 23:51:07', '2022-11-13 23:51:07', 22, 7, 5, 66654, 71, 1),
	(1083, '2022-11-13 23:51:07', '2022-11-13 23:51:07', 22, 7, 5, 66655, 182, 1),
	(1084, '2022-11-13 23:51:07', '2022-11-13 23:51:07', 22, 7, 5, 66656, 7, 1),
	(1085, '2022-11-13 23:51:07', '2022-11-13 23:51:07', 22, 7, 5, 65851, 134, 1),
	(1086, '2022-11-13 23:51:07', '2022-11-13 23:51:07', 22, 7, 6, 66661, 127, 1),
	(1087, '2022-11-13 23:51:07', '2022-11-13 23:51:07', 22, 7, 6, 66662, 74, 1),
	(1088, '2022-11-13 23:51:07', '2022-11-13 23:51:07', 22, 7, 6, 66663, 95, 1),
	(1089, '2022-11-13 23:51:07', '2022-11-13 23:51:07', 22, 7, 6, 66664, 88, 1),
	(1090, '2022-11-13 23:51:07', '2022-11-13 23:51:07', 22, 7, 6, 66660, 139, 1),
	(1091, '2022-11-13 23:51:07', '2022-11-13 23:51:07', 22, 7, 6, 64054, 100, 1),
	(1092, '2022-11-13 23:51:07', '2022-11-13 23:51:07', 22, 7, 6, 65852, 37, 1),
	(1093, '2022-11-13 23:51:07', '2022-11-13 23:51:07', 22, 7, 7, 66671, 31, 1),
	(1094, '2022-11-13 23:51:07', '2022-11-13 23:51:07', 22, 7, 7, 66672, 190, 1),
	(1095, '2022-11-13 23:51:07', '2022-11-13 23:51:07', 22, 7, 7, 66673, 63, 1),
	(1096, '2022-11-13 23:51:07', '2022-11-13 23:51:07', 22, 7, 7, 66674, 101, 1),
	(1097, '2022-11-13 23:51:07', '2022-11-13 23:51:07', 22, 7, 7, 66675, 50, 1),
	(1098, '2022-11-13 23:51:07', '2022-11-13 23:51:07', 22, 7, 7, 66670, 123, 1),
	(1099, '2022-11-13 23:51:07', '2022-11-13 23:51:07', 22, 7, 7, 65853, 79, 1),
	(1100, '2022-11-13 23:51:07', '2022-11-13 23:51:07', 22, 7, 8, 0, 19, 1),
	(1101, '2022-11-13 23:51:07', '2022-11-13 23:51:07', 23, 7, 1, 66611, 60, 1),
	(1102, '2022-11-13 23:51:07', '2022-11-13 23:51:07', 23, 7, 1, 66712, 176, 1),
	(1103, '2022-11-13 23:51:07', '2022-11-13 23:51:07', 23, 7, 1, 65911, 184, 1),
	(1104, '2022-11-13 23:51:07', '2022-11-13 23:51:07', 23, 7, 1, 65912, 161, 1),
	(1105, '2022-11-13 23:51:07', '2022-11-13 23:51:07', 23, 7, 1, 65711, 4, 1),
	(1106, '2022-11-13 23:51:07', '2022-11-13 23:51:07', 23, 7, 1, 65712, 34, 1),
	(1107, '2022-11-13 23:51:07', '2022-11-13 23:51:07', 23, 7, 1, 65812, 9, 1),
	(1108, '2022-11-13 23:51:07', '2022-11-13 23:51:07', 23, 7, 2, 66621, 4, 1),
	(1109, '2022-11-13 23:51:07', '2022-11-13 23:51:07', 23, 7, 2, 66622, 75, 1),
	(1110, '2022-11-13 23:51:07', '2022-11-13 23:51:07', 23, 7, 2, 66623, 91, 1),
	(1111, '2022-11-13 23:51:07', '2022-11-13 23:51:07', 23, 7, 2, 66823, 160, 1),
	(1112, '2022-11-13 23:51:07', '2022-11-13 23:51:07', 23, 7, 2, 65921, 172, 1),
	(1113, '2022-11-13 23:51:07', '2022-11-13 23:51:07', 23, 7, 2, 65922, 168, 1),
	(1114, '2022-11-13 23:51:07', '2022-11-13 23:51:07', 23, 7, 2, 65722, 87, 1),
	(1115, '2022-11-13 23:51:07', '2022-11-13 23:51:07', 23, 7, 3, 66631, 85, 1),
	(1116, '2022-11-13 23:51:07', '2022-11-13 23:51:07', 23, 7, 3, 66632, 121, 1),
	(1117, '2022-11-13 23:51:07', '2022-11-13 23:51:07', 23, 7, 3, 66633, 100, 1),
	(1118, '2022-11-13 23:51:07', '2022-11-13 23:51:07', 23, 7, 3, 66634, 77, 1),
	(1119, '2022-11-13 23:51:07', '2022-11-13 23:51:07', 23, 7, 3, 65931, 162, 1),
	(1120, '2022-11-13 23:51:07', '2022-11-13 23:51:07', 23, 7, 3, 65913, 63, 1),
	(1121, '2022-11-13 23:51:07', '2022-11-13 23:51:07', 23, 7, 3, 65811, 95, 1),
	(1122, '2022-11-13 23:51:07', '2022-11-13 23:51:07', 23, 7, 4, 66641, 35, 1),
	(1123, '2022-11-13 23:51:07', '2022-11-13 23:51:07', 23, 7, 4, 66642, 105, 1),
	(1124, '2022-11-13 23:51:07', '2022-11-13 23:51:07', 23, 7, 4, 66643, 62, 1),
	(1125, '2022-11-13 23:51:07', '2022-11-13 23:51:07', 23, 7, 4, 66644, 1, 1),
	(1126, '2022-11-13 23:51:07', '2022-11-13 23:51:07', 23, 7, 4, 66645, 31, 1),
	(1127, '2022-11-13 23:51:07', '2022-11-13 23:51:07', 23, 7, 4, 66842, 41, 1),
	(1128, '2022-11-13 23:51:07', '2022-11-13 23:51:07', 23, 7, 4, 65841, 59, 1),
	(1129, '2022-11-13 23:51:07', '2022-11-13 23:51:07', 23, 7, 5, 66651, 14, 1),
	(1130, '2022-11-13 23:51:07', '2022-11-13 23:51:07', 23, 7, 5, 66652, 125, 1),
	(1131, '2022-11-13 23:51:07', '2022-11-13 23:51:07', 23, 7, 5, 66653, 67, 1),
	(1132, '2022-11-13 23:51:07', '2022-11-13 23:51:07', 23, 7, 5, 66654, 24, 1),
	(1133, '2022-11-13 23:51:07', '2022-11-13 23:51:07', 23, 7, 5, 66655, 183, 1),
	(1134, '2022-11-13 23:51:07', '2022-11-13 23:51:07', 23, 7, 5, 66656, 99, 1),
	(1135, '2022-11-13 23:51:07', '2022-11-13 23:51:07', 23, 7, 5, 65851, 52, 1),
	(1136, '2022-11-13 23:51:07', '2022-11-13 23:51:07', 23, 7, 6, 66661, 164, 1),
	(1137, '2022-11-13 23:51:07', '2022-11-13 23:51:07', 23, 7, 6, 66662, 125, 1),
	(1138, '2022-11-13 23:51:07', '2022-11-13 23:51:07', 23, 7, 6, 66663, 76, 1),
	(1139, '2022-11-13 23:51:07', '2022-11-13 23:51:07', 23, 7, 6, 66664, 105, 1),
	(1140, '2022-11-13 23:51:07', '2022-11-13 23:51:07', 23, 7, 6, 66660, 10, 1),
	(1141, '2022-11-13 23:51:07', '2022-11-13 23:51:07', 23, 7, 6, 64054, 43, 1),
	(1142, '2022-11-13 23:51:07', '2022-11-13 23:51:07', 23, 7, 6, 65852, 39, 1),
	(1143, '2022-11-13 23:51:07', '2022-11-13 23:51:07', 23, 7, 7, 66671, 104, 1),
	(1144, '2022-11-13 23:51:07', '2022-11-13 23:51:07', 23, 7, 7, 66672, 31, 1),
	(1145, '2022-11-13 23:51:08', '2022-11-13 23:51:08', 23, 7, 7, 66673, 4, 1),
	(1146, '2022-11-13 23:51:08', '2022-11-13 23:51:08', 23, 7, 7, 66674, 120, 1),
	(1147, '2022-11-13 23:51:08', '2022-11-13 23:51:08', 23, 7, 7, 66675, 42, 1),
	(1148, '2022-11-13 23:51:08', '2022-11-13 23:51:08', 23, 7, 7, 66670, 148, 1),
	(1149, '2022-11-13 23:51:08', '2022-11-13 23:51:08', 23, 7, 7, 65853, 6, 1),
	(1150, '2022-11-13 23:51:08', '2022-11-13 23:51:08', 23, 7, 8, 0, 51, 1),
	(1151, '2022-11-13 23:51:08', '2022-11-13 23:51:08', 24, 7, 1, 66611, 69, 1),
	(1152, '2022-11-13 23:51:08', '2022-11-13 23:51:08', 24, 7, 1, 66712, 154, 1),
	(1153, '2022-11-13 23:51:08', '2022-11-13 23:51:08', 24, 7, 1, 65911, 40, 1),
	(1154, '2022-11-13 23:51:08', '2022-11-13 23:51:08', 24, 7, 1, 65912, 15, 1),
	(1155, '2022-11-13 23:51:08', '2022-11-13 23:51:08', 24, 7, 1, 65711, 74, 1),
	(1156, '2022-11-13 23:51:08', '2022-11-13 23:51:08', 24, 7, 1, 65712, 31, 1),
	(1157, '2022-11-13 23:51:08', '2022-11-13 23:51:08', 24, 7, 1, 65812, 4, 1),
	(1158, '2022-11-13 23:51:08', '2022-11-13 23:51:08', 24, 7, 2, 66621, 31, 1),
	(1159, '2022-11-13 23:51:08', '2022-11-13 23:51:08', 24, 7, 2, 66622, 31, 1),
	(1160, '2022-11-13 23:51:08', '2022-11-13 23:51:08', 24, 7, 2, 66623, 54, 1),
	(1161, '2022-11-13 23:51:08', '2022-11-13 23:51:08', 24, 7, 2, 66823, 23, 1),
	(1162, '2022-11-13 23:51:08', '2022-11-13 23:51:08', 24, 7, 2, 65921, 129, 1),
	(1163, '2022-11-13 23:51:08', '2022-11-13 23:51:08', 24, 7, 2, 65922, 92, 1),
	(1164, '2022-11-13 23:51:08', '2022-11-13 23:51:08', 24, 7, 2, 65722, 63, 1),
	(1165, '2022-11-13 23:51:08', '2022-11-13 23:51:08', 24, 7, 3, 66631, 52, 1),
	(1166, '2022-11-13 23:51:08', '2022-11-13 23:51:08', 24, 7, 3, 66632, 119, 1),
	(1167, '2022-11-13 23:51:08', '2022-11-13 23:51:08', 24, 7, 3, 66633, 96, 1),
	(1168, '2022-11-13 23:51:08', '2022-11-13 23:51:08', 24, 7, 3, 66634, 96, 1),
	(1169, '2022-11-13 23:51:08', '2022-11-13 23:51:08', 24, 7, 3, 65931, 192, 1),
	(1170, '2022-11-13 23:51:08', '2022-11-13 23:51:08', 24, 7, 3, 65913, 36, 1),
	(1171, '2022-11-13 23:51:08', '2022-11-13 23:51:08', 24, 7, 3, 65811, 51, 1),
	(1172, '2022-11-13 23:51:08', '2022-11-13 23:51:08', 24, 7, 4, 66641, 90, 1),
	(1173, '2022-11-13 23:51:08', '2022-11-13 23:51:08', 24, 7, 4, 66642, 148, 1),
	(1174, '2022-11-13 23:51:08', '2022-11-13 23:51:08', 24, 7, 4, 66643, 92, 1),
	(1175, '2022-11-13 23:51:08', '2022-11-13 23:51:08', 24, 7, 4, 66644, 104, 1),
	(1176, '2022-11-13 23:51:08', '2022-11-13 23:51:08', 24, 7, 4, 66645, 123, 1),
	(1177, '2022-11-13 23:51:08', '2022-11-13 23:51:08', 24, 7, 4, 66842, 32, 1),
	(1178, '2022-11-13 23:51:08', '2022-11-13 23:51:08', 24, 7, 4, 65841, 26, 1),
	(1179, '2022-11-13 23:51:08', '2022-11-13 23:51:08', 24, 7, 5, 66651, 10, 1),
	(1180, '2022-11-13 23:51:08', '2022-11-13 23:51:08', 24, 7, 5, 66652, 50, 1),
	(1181, '2022-11-13 23:51:08', '2022-11-13 23:51:08', 24, 7, 5, 66653, 67, 1),
	(1182, '2022-11-13 23:51:08', '2022-11-13 23:51:08', 24, 7, 5, 66654, 30, 1),
	(1183, '2022-11-13 23:51:08', '2022-11-13 23:51:08', 24, 7, 5, 66655, 1, 1),
	(1184, '2022-11-13 23:51:08', '2022-11-13 23:51:08', 24, 7, 5, 66656, 15, 1),
	(1185, '2022-11-13 23:51:08', '2022-11-13 23:51:08', 24, 7, 5, 65851, 139, 1),
	(1186, '2022-11-13 23:51:08', '2022-11-13 23:51:08', 24, 7, 6, 66661, 187, 1),
	(1187, '2022-11-13 23:51:08', '2022-11-13 23:51:08', 24, 7, 6, 66662, 47, 1),
	(1188, '2022-11-13 23:51:08', '2022-11-13 23:51:08', 24, 7, 6, 66663, 81, 1),
	(1189, '2022-11-13 23:51:08', '2022-11-13 23:51:08', 24, 7, 6, 66664, 29, 1),
	(1190, '2022-11-13 23:51:08', '2022-11-13 23:51:08', 24, 7, 6, 66660, 9, 1),
	(1191, '2022-11-13 23:51:08', '2022-11-13 23:51:08', 24, 7, 6, 64054, 60, 1),
	(1192, '2022-11-13 23:51:08', '2022-11-13 23:51:08', 24, 7, 6, 65852, 45, 1),
	(1193, '2022-11-13 23:51:08', '2022-11-13 23:51:08', 24, 7, 7, 66671, 149, 1),
	(1194, '2022-11-13 23:51:08', '2022-11-13 23:51:08', 24, 7, 7, 66672, 131, 1),
	(1195, '2022-11-13 23:51:08', '2022-11-13 23:51:08', 24, 7, 7, 66673, 94, 1),
	(1196, '2022-11-13 23:51:08', '2022-11-13 23:51:08', 24, 7, 7, 66674, 195, 1),
	(1197, '2022-11-13 23:51:08', '2022-11-13 23:51:08', 24, 7, 7, 66675, 26, 1),
	(1198, '2022-11-13 23:51:08', '2022-11-13 23:51:08', 24, 7, 7, 66670, 112, 1),
	(1199, '2022-11-13 23:51:08', '2022-11-13 23:51:08', 24, 7, 7, 65853, 54, 1),
	(1200, '2022-11-13 23:51:08', '2022-11-13 23:51:08', 24, 7, 8, 0, 91, 1),
	(1201, '2022-11-13 23:51:08', '2022-11-13 23:51:08', 25, 7, 1, 66611, 90, 1),
	(1202, '2022-11-13 23:51:08', '2022-11-13 23:51:08', 25, 7, 1, 66712, 55, 1),
	(1203, '2022-11-13 23:51:08', '2022-11-13 23:51:08', 25, 7, 1, 65911, 128, 1),
	(1204, '2022-11-13 23:51:08', '2022-11-13 23:51:08', 25, 7, 1, 65912, 68, 1),
	(1205, '2022-11-13 23:51:08', '2022-11-13 23:51:08', 25, 7, 1, 65711, 125, 1),
	(1206, '2022-11-13 23:51:08', '2022-11-13 23:51:08', 25, 7, 1, 65712, 92, 1),
	(1207, '2022-11-13 23:51:08', '2022-11-13 23:51:08', 25, 7, 1, 65812, 13, 1),
	(1208, '2022-11-13 23:51:08', '2022-11-13 23:51:08', 25, 7, 2, 66621, 98, 1),
	(1209, '2022-11-13 23:51:08', '2022-11-13 23:51:08', 25, 7, 2, 66622, 40, 1),
	(1210, '2022-11-13 23:51:08', '2022-11-13 23:51:08', 25, 7, 2, 66623, 0, 1),
	(1211, '2022-11-13 23:51:08', '2022-11-13 23:51:08', 25, 7, 2, 66823, 7, 1),
	(1212, '2022-11-13 23:51:08', '2022-11-13 23:51:08', 25, 7, 2, 65921, 124, 1),
	(1213, '2022-11-13 23:51:08', '2022-11-13 23:51:08', 25, 7, 2, 65922, 115, 1),
	(1214, '2022-11-13 23:51:08', '2022-11-13 23:51:08', 25, 7, 2, 65722, 55, 1),
	(1215, '2022-11-13 23:51:08', '2022-11-13 23:51:08', 25, 7, 3, 66631, 117, 1),
	(1216, '2022-11-13 23:51:08', '2022-11-13 23:51:08', 25, 7, 3, 66632, 137, 1),
	(1217, '2022-11-13 23:51:08', '2022-11-13 23:51:08', 25, 7, 3, 66633, 86, 1),
	(1218, '2022-11-13 23:51:08', '2022-11-13 23:51:08', 25, 7, 3, 66634, 69, 1),
	(1219, '2022-11-13 23:51:08', '2022-11-13 23:51:08', 25, 7, 3, 65931, 138, 1),
	(1220, '2022-11-13 23:51:08', '2022-11-13 23:51:08', 25, 7, 3, 65913, 101, 1),
	(1221, '2022-11-13 23:51:08', '2022-11-13 23:51:08', 25, 7, 3, 65811, 137, 1),
	(1222, '2022-11-13 23:51:08', '2022-11-13 23:51:08', 25, 7, 4, 66641, 26, 1),
	(1223, '2022-11-13 23:51:08', '2022-11-13 23:51:08', 25, 7, 4, 66642, 14, 1),
	(1224, '2022-11-13 23:51:08', '2022-11-13 23:51:08', 25, 7, 4, 66643, 20, 1),
	(1225, '2022-11-13 23:51:08', '2022-11-13 23:51:08', 25, 7, 4, 66644, 74, 1),
	(1226, '2022-11-13 23:51:08', '2022-11-13 23:51:08', 25, 7, 4, 66645, 133, 1),
	(1227, '2022-11-13 23:51:08', '2022-11-13 23:51:08', 25, 7, 4, 66842, 23, 1),
	(1228, '2022-11-13 23:51:08', '2022-11-13 23:51:08', 25, 7, 4, 65841, 57, 1),
	(1229, '2022-11-13 23:51:08', '2022-11-13 23:51:08', 25, 7, 5, 66651, 71, 1),
	(1230, '2022-11-13 23:51:08', '2022-11-13 23:51:08', 25, 7, 5, 66652, 128, 1),
	(1231, '2022-11-13 23:51:08', '2022-11-13 23:51:08', 25, 7, 5, 66653, 26, 1),
	(1232, '2022-11-13 23:51:08', '2022-11-13 23:51:08', 25, 7, 5, 66654, 33, 1),
	(1233, '2022-11-13 23:51:08', '2022-11-13 23:51:08', 25, 7, 5, 66655, 87, 1),
	(1234, '2022-11-13 23:51:08', '2022-11-13 23:51:08', 25, 7, 5, 66656, 28, 1),
	(1235, '2022-11-13 23:51:08', '2022-11-13 23:51:08', 25, 7, 5, 65851, 102, 1),
	(1236, '2022-11-13 23:51:08', '2022-11-13 23:51:08', 25, 7, 6, 66661, 12, 1),
	(1237, '2022-11-13 23:51:08', '2022-11-13 23:51:08', 25, 7, 6, 66662, 11, 1),
	(1238, '2022-11-13 23:51:08', '2022-11-13 23:51:08', 25, 7, 6, 66663, 36, 1),
	(1239, '2022-11-13 23:51:08', '2022-11-13 23:51:08', 25, 7, 6, 66664, 32, 1),
	(1240, '2022-11-13 23:51:08', '2022-11-13 23:51:08', 25, 7, 6, 66660, 10, 1),
	(1241, '2022-11-13 23:51:08', '2022-11-13 23:51:08', 25, 7, 6, 64054, 80, 1),
	(1242, '2022-11-13 23:51:08', '2022-11-13 23:51:08', 25, 7, 6, 65852, 16, 1),
	(1243, '2022-11-13 23:51:08', '2022-11-13 23:51:08', 25, 7, 7, 66671, 90, 1),
	(1244, '2022-11-13 23:51:08', '2022-11-13 23:51:08', 25, 7, 7, 66672, 70, 1),
	(1245, '2022-11-13 23:51:08', '2022-11-13 23:51:08', 25, 7, 7, 66673, 1, 1),
	(1246, '2022-11-13 23:51:08', '2022-11-13 23:51:08', 25, 7, 7, 66674, 1, 1),
	(1247, '2022-11-13 23:51:08', '2022-11-13 23:51:08', 25, 7, 7, 66675, 72, 1),
	(1248, '2022-11-13 23:51:08', '2022-11-13 23:51:08', 25, 7, 7, 66670, 20, 1),
	(1249, '2022-11-13 23:51:08', '2022-11-13 23:51:08', 25, 7, 7, 65853, 33, 1),
	(1250, '2022-11-13 23:51:08', '2022-11-13 23:51:08', 25, 7, 8, 0, 69, 1),
	(1251, '2022-11-13 23:51:08', '2022-11-13 23:51:08', 26, 7, 1, 66611, 35, 1),
	(1252, '2022-11-13 23:51:08', '2022-11-13 23:51:08', 26, 7, 1, 66712, 192, 1),
	(1253, '2022-11-13 23:51:08', '2022-11-13 23:51:08', 26, 7, 1, 65911, 44, 1),
	(1254, '2022-11-13 23:51:08', '2022-11-13 23:51:08', 26, 7, 1, 65912, 169, 1),
	(1255, '2022-11-13 23:51:08', '2022-11-13 23:51:08', 26, 7, 1, 65711, 115, 1),
	(1256, '2022-11-13 23:51:08', '2022-11-13 23:51:08', 26, 7, 1, 65712, 49, 1),
	(1257, '2022-11-13 23:51:08', '2022-11-13 23:51:08', 26, 7, 1, 65812, 37, 1),
	(1258, '2022-11-13 23:51:08', '2022-11-13 23:51:08', 26, 7, 2, 66621, 7, 1),
	(1259, '2022-11-13 23:51:08', '2022-11-13 23:51:08', 26, 7, 2, 66622, 46, 1),
	(1260, '2022-11-13 23:51:08', '2022-11-13 23:51:08', 26, 7, 2, 66623, 5, 1),
	(1261, '2022-11-13 23:51:08', '2022-11-13 23:51:08', 26, 7, 2, 66823, 130, 1),
	(1262, '2022-11-13 23:51:08', '2022-11-13 23:51:08', 26, 7, 2, 65921, 74, 1),
	(1263, '2022-11-13 23:51:08', '2022-11-13 23:51:08', 26, 7, 2, 65922, 166, 1),
	(1264, '2022-11-13 23:51:08', '2022-11-13 23:51:08', 26, 7, 2, 65722, 63, 1),
	(1265, '2022-11-13 23:51:08', '2022-11-13 23:51:08', 26, 7, 3, 66631, 59, 1),
	(1266, '2022-11-13 23:51:08', '2022-11-13 23:51:08', 26, 7, 3, 66632, 57, 1),
	(1267, '2022-11-13 23:51:08', '2022-11-13 23:51:08', 26, 7, 3, 66633, 25, 1),
	(1268, '2022-11-13 23:51:08', '2022-11-13 23:51:08', 26, 7, 3, 66634, 57, 1),
	(1269, '2022-11-13 23:51:08', '2022-11-13 23:51:08', 26, 7, 3, 65931, 43, 1),
	(1270, '2022-11-13 23:51:08', '2022-11-13 23:51:08', 26, 7, 3, 65913, 84, 1),
	(1271, '2022-11-13 23:51:08', '2022-11-13 23:51:08', 26, 7, 3, 65811, 21, 1),
	(1272, '2022-11-13 23:51:08', '2022-11-13 23:51:08', 26, 7, 4, 66641, 74, 1),
	(1273, '2022-11-13 23:51:08', '2022-11-13 23:51:08', 26, 7, 4, 66642, 5, 1),
	(1274, '2022-11-13 23:51:08', '2022-11-13 23:51:08', 26, 7, 4, 66643, 99, 1),
	(1275, '2022-11-13 23:51:08', '2022-11-13 23:51:08', 26, 7, 4, 66644, 5, 1),
	(1276, '2022-11-13 23:51:08', '2022-11-13 23:51:08', 26, 7, 4, 66645, 131, 1),
	(1277, '2022-11-13 23:51:08', '2022-11-13 23:51:08', 26, 7, 4, 66842, 71, 1),
	(1278, '2022-11-13 23:51:08', '2022-11-13 23:51:08', 26, 7, 4, 65841, 88, 1),
	(1279, '2022-11-13 23:51:08', '2022-11-13 23:51:08', 26, 7, 5, 66651, 62, 1),
	(1280, '2022-11-13 23:51:08', '2022-11-13 23:51:08', 26, 7, 5, 66652, 88, 1),
	(1281, '2022-11-13 23:51:08', '2022-11-13 23:51:08', 26, 7, 5, 66653, 19, 1),
	(1282, '2022-11-13 23:51:08', '2022-11-13 23:51:08', 26, 7, 5, 66654, 4, 1),
	(1283, '2022-11-13 23:51:08', '2022-11-13 23:51:08', 26, 7, 5, 66655, 98, 1),
	(1284, '2022-11-13 23:51:08', '2022-11-13 23:51:08', 26, 7, 5, 66656, 43, 1),
	(1285, '2022-11-13 23:51:08', '2022-11-13 23:51:08', 26, 7, 5, 65851, 106, 1),
	(1286, '2022-11-13 23:51:08', '2022-11-13 23:51:08', 26, 7, 6, 66661, 69, 1),
	(1287, '2022-11-13 23:51:08', '2022-11-13 23:51:08', 26, 7, 6, 66662, 19, 1),
	(1288, '2022-11-13 23:51:08', '2022-11-13 23:51:08', 26, 7, 6, 66663, 56, 1),
	(1289, '2022-11-13 23:51:08', '2022-11-13 23:51:08', 26, 7, 6, 66664, 117, 1),
	(1290, '2022-11-13 23:51:08', '2022-11-13 23:51:08', 26, 7, 6, 66660, 27, 1),
	(1291, '2022-11-13 23:51:08', '2022-11-13 23:51:08', 26, 7, 6, 64054, 70, 1),
	(1292, '2022-11-13 23:51:08', '2022-11-13 23:51:08', 26, 7, 6, 65852, 65, 1),
	(1293, '2022-11-13 23:51:09', '2022-11-13 23:51:09', 26, 7, 7, 66671, 136, 1),
	(1294, '2022-11-13 23:51:09', '2022-11-13 23:51:09', 26, 7, 7, 66672, 196, 1),
	(1295, '2022-11-13 23:51:09', '2022-11-13 23:51:09', 26, 7, 7, 66673, 70, 1),
	(1296, '2022-11-13 23:51:09', '2022-11-13 23:51:09', 26, 7, 7, 66674, 51, 1),
	(1297, '2022-11-13 23:51:09', '2022-11-13 23:51:09', 26, 7, 7, 66675, 83, 1),
	(1298, '2022-11-13 23:51:09', '2022-11-13 23:51:09', 26, 7, 7, 66670, 94, 1),
	(1299, '2022-11-13 23:51:09', '2022-11-13 23:51:09', 26, 7, 7, 65853, 99, 1),
	(1300, '2022-11-13 23:51:09', '2022-11-13 23:51:09', 26, 7, 8, 0, 89, 1),
	(1301, '2022-11-13 23:51:09', '2022-11-13 23:51:09', 27, 7, 1, 66611, 70, 1),
	(1302, '2022-11-13 23:51:09', '2022-11-13 23:51:09', 27, 7, 1, 66712, 145, 1),
	(1303, '2022-11-13 23:51:09', '2022-11-13 23:51:09', 27, 7, 1, 65911, 12, 1),
	(1304, '2022-11-13 23:51:09', '2022-11-13 23:51:09', 27, 7, 1, 65912, 139, 1),
	(1305, '2022-11-13 23:51:09', '2022-11-13 23:51:09', 27, 7, 1, 65711, 11, 1),
	(1306, '2022-11-13 23:51:09', '2022-11-13 23:51:09', 27, 7, 1, 65712, 39, 1),
	(1307, '2022-11-13 23:51:09', '2022-11-13 23:51:09', 27, 7, 1, 65812, 40, 1),
	(1308, '2022-11-13 23:51:09', '2022-11-13 23:51:09', 27, 7, 2, 66621, 34, 1),
	(1309, '2022-11-13 23:51:09', '2022-11-13 23:51:09', 27, 7, 2, 66622, 94, 1),
	(1310, '2022-11-13 23:51:09', '2022-11-13 23:51:09', 27, 7, 2, 66623, 97, 1),
	(1311, '2022-11-13 23:51:09', '2022-11-13 23:51:09', 27, 7, 2, 66823, 27, 1),
	(1312, '2022-11-13 23:51:09', '2022-11-13 23:51:09', 27, 7, 2, 65921, 63, 1),
	(1313, '2022-11-13 23:51:09', '2022-11-13 23:51:09', 27, 7, 2, 65922, 158, 1),
	(1314, '2022-11-13 23:51:09', '2022-11-13 23:51:09', 27, 7, 2, 65722, 100, 1),
	(1315, '2022-11-13 23:51:09', '2022-11-13 23:51:09', 27, 7, 3, 66631, 121, 1),
	(1316, '2022-11-13 23:51:09', '2022-11-13 23:51:09', 27, 7, 3, 66632, 110, 1),
	(1317, '2022-11-13 23:51:09', '2022-11-13 23:51:09', 27, 7, 3, 66633, 33, 1),
	(1318, '2022-11-13 23:51:09', '2022-11-13 23:51:09', 27, 7, 3, 66634, 49, 1),
	(1319, '2022-11-13 23:51:09', '2022-11-13 23:51:09', 27, 7, 3, 65931, 112, 1),
	(1320, '2022-11-13 23:51:09', '2022-11-13 23:51:09', 27, 7, 3, 65913, 154, 1),
	(1321, '2022-11-13 23:51:09', '2022-11-13 23:51:09', 27, 7, 3, 65811, 17, 1),
	(1322, '2022-11-13 23:51:09', '2022-11-13 23:51:09', 27, 7, 4, 66641, 79, 1),
	(1323, '2022-11-13 23:51:09', '2022-11-13 23:51:09', 27, 7, 4, 66642, 34, 1),
	(1324, '2022-11-13 23:51:09', '2022-11-13 23:51:09', 27, 7, 4, 66643, 37, 1),
	(1325, '2022-11-13 23:51:09', '2022-11-13 23:51:09', 27, 7, 4, 66644, 102, 1),
	(1326, '2022-11-13 23:51:09', '2022-11-13 23:51:09', 27, 7, 4, 66645, 68, 1),
	(1327, '2022-11-13 23:51:09', '2022-11-13 23:51:09', 27, 7, 4, 66842, 187, 1),
	(1328, '2022-11-13 23:51:09', '2022-11-13 23:51:09', 27, 7, 4, 65841, 90, 1),
	(1329, '2022-11-13 23:51:09', '2022-11-13 23:51:09', 27, 7, 5, 66651, 41, 1),
	(1330, '2022-11-13 23:51:09', '2022-11-13 23:51:09', 27, 7, 5, 66652, 48, 1),
	(1331, '2022-11-13 23:51:09', '2022-11-13 23:51:09', 27, 7, 5, 66653, 128, 1),
	(1332, '2022-11-13 23:51:09', '2022-11-13 23:51:09', 27, 7, 5, 66654, 31, 1),
	(1333, '2022-11-13 23:51:09', '2022-11-13 23:51:09', 27, 7, 5, 66655, 96, 1),
	(1334, '2022-11-13 23:51:09', '2022-11-13 23:51:09', 27, 7, 5, 66656, 11, 1),
	(1335, '2022-11-13 23:51:09', '2022-11-13 23:51:09', 27, 7, 5, 65851, 113, 1),
	(1336, '2022-11-13 23:51:09', '2022-11-13 23:51:09', 27, 7, 6, 66661, 160, 1),
	(1337, '2022-11-13 23:51:09', '2022-11-13 23:51:09', 27, 7, 6, 66662, 132, 1),
	(1338, '2022-11-13 23:51:09', '2022-11-13 23:51:09', 27, 7, 6, 66663, 31, 1),
	(1339, '2022-11-13 23:51:09', '2022-11-13 23:51:09', 27, 7, 6, 66664, 74, 1),
	(1340, '2022-11-13 23:51:09', '2022-11-13 23:51:09', 27, 7, 6, 66660, 36, 1),
	(1341, '2022-11-13 23:51:09', '2022-11-13 23:51:09', 27, 7, 6, 64054, 41, 1),
	(1342, '2022-11-13 23:51:09', '2022-11-13 23:51:09', 27, 7, 6, 65852, 46, 1),
	(1343, '2022-11-13 23:51:09', '2022-11-13 23:51:09', 27, 7, 7, 66671, 38, 1),
	(1344, '2022-11-13 23:51:09', '2022-11-13 23:51:09', 27, 7, 7, 66672, 69, 1),
	(1345, '2022-11-13 23:51:09', '2022-11-13 23:51:09', 27, 7, 7, 66673, 60, 1),
	(1346, '2022-11-13 23:51:09', '2022-11-13 23:51:09', 27, 7, 7, 66674, 167, 1),
	(1347, '2022-11-13 23:51:09', '2022-11-13 23:51:09', 27, 7, 7, 66675, 77, 1),
	(1348, '2022-11-13 23:51:09', '2022-11-13 23:51:09', 27, 7, 7, 66670, 129, 1),
	(1349, '2022-11-13 23:51:09', '2022-11-13 23:51:09', 27, 7, 7, 65853, 23, 1),
	(1350, '2022-11-13 23:51:09', '2022-11-13 23:51:09', 27, 7, 8, 0, 48, 1),
	(1351, '2022-11-13 23:51:09', '2022-11-13 23:51:09', 28, 7, 1, 66611, 55, 1),
	(1352, '2022-11-13 23:51:09', '2022-11-13 23:51:09', 28, 7, 1, 66712, 70, 1),
	(1353, '2022-11-13 23:51:09', '2022-11-13 23:51:09', 28, 7, 1, 65911, 79, 1),
	(1354, '2022-11-13 23:51:09', '2022-11-13 23:51:09', 28, 7, 1, 65912, 14, 1),
	(1355, '2022-11-13 23:51:09', '2022-11-13 23:51:09', 28, 7, 1, 65711, 76, 1),
	(1356, '2022-11-13 23:51:09', '2022-11-13 23:51:09', 28, 7, 1, 65712, 28, 1),
	(1357, '2022-11-13 23:51:09', '2022-11-13 23:51:09', 28, 7, 1, 65812, 30, 1),
	(1358, '2022-11-13 23:51:09', '2022-11-13 23:51:09', 28, 7, 2, 66621, 56, 1),
	(1359, '2022-11-13 23:51:09', '2022-11-13 23:51:09', 28, 7, 2, 66622, 43, 1),
	(1360, '2022-11-13 23:51:09', '2022-11-13 23:51:09', 28, 7, 2, 66623, 14, 1),
	(1361, '2022-11-13 23:51:09', '2022-11-13 23:51:09', 28, 7, 2, 66823, 103, 1),
	(1362, '2022-11-13 23:51:09', '2022-11-13 23:51:09', 28, 7, 2, 65921, 197, 1),
	(1363, '2022-11-13 23:51:09', '2022-11-13 23:51:09', 28, 7, 2, 65922, 104, 1),
	(1364, '2022-11-13 23:51:09', '2022-11-13 23:51:09', 28, 7, 2, 65722, 24, 1),
	(1365, '2022-11-13 23:51:09', '2022-11-13 23:51:09', 28, 7, 3, 66631, 67, 1),
	(1366, '2022-11-13 23:51:09', '2022-11-13 23:51:09', 28, 7, 3, 66632, 132, 1),
	(1367, '2022-11-13 23:51:09', '2022-11-13 23:51:09', 28, 7, 3, 66633, 100, 1),
	(1368, '2022-11-13 23:51:09', '2022-11-13 23:51:09', 28, 7, 3, 66634, 87, 1),
	(1369, '2022-11-13 23:51:09', '2022-11-13 23:51:09', 28, 7, 3, 65931, 58, 1),
	(1370, '2022-11-13 23:51:09', '2022-11-13 23:51:09', 28, 7, 3, 65913, 27, 1),
	(1371, '2022-11-13 23:51:09', '2022-11-13 23:51:09', 28, 7, 3, 65811, 118, 1),
	(1372, '2022-11-13 23:51:09', '2022-11-13 23:51:09', 28, 7, 4, 66641, 90, 1),
	(1373, '2022-11-13 23:51:09', '2022-11-13 23:51:09', 28, 7, 4, 66642, 144, 1),
	(1374, '2022-11-13 23:51:09', '2022-11-13 23:51:09', 28, 7, 4, 66643, 35, 1),
	(1375, '2022-11-13 23:51:09', '2022-11-13 23:51:09', 28, 7, 4, 66644, 120, 1),
	(1376, '2022-11-13 23:51:09', '2022-11-13 23:51:09', 28, 7, 4, 66645, 79, 1),
	(1377, '2022-11-13 23:51:09', '2022-11-13 23:51:09', 28, 7, 4, 66842, 148, 1),
	(1378, '2022-11-13 23:51:09', '2022-11-13 23:51:09', 28, 7, 4, 65841, 62, 1),
	(1379, '2022-11-13 23:51:09', '2022-11-13 23:51:09', 28, 7, 5, 66651, 53, 1),
	(1380, '2022-11-13 23:51:09', '2022-11-13 23:51:09', 28, 7, 5, 66652, 116, 1),
	(1381, '2022-11-13 23:51:09', '2022-11-13 23:51:09', 28, 7, 5, 66653, 133, 1),
	(1382, '2022-11-13 23:51:09', '2022-11-13 23:51:09', 28, 7, 5, 66654, 7, 1),
	(1383, '2022-11-13 23:51:09', '2022-11-13 23:51:09', 28, 7, 5, 66655, 82, 1),
	(1384, '2022-11-13 23:51:09', '2022-11-13 23:51:09', 28, 7, 5, 66656, 48, 1),
	(1385, '2022-11-13 23:51:09', '2022-11-13 23:51:09', 28, 7, 5, 65851, 126, 1),
	(1386, '2022-11-13 23:51:09', '2022-11-13 23:51:09', 28, 7, 6, 66661, 4, 1),
	(1387, '2022-11-13 23:51:09', '2022-11-13 23:51:09', 28, 7, 6, 66662, 82, 1),
	(1388, '2022-11-13 23:51:09', '2022-11-13 23:51:09', 28, 7, 6, 66663, 86, 1),
	(1389, '2022-11-13 23:51:09', '2022-11-13 23:51:09', 28, 7, 6, 66664, 18, 1),
	(1390, '2022-11-13 23:51:09', '2022-11-13 23:51:09', 28, 7, 6, 66660, 22, 1),
	(1391, '2022-11-13 23:51:09', '2022-11-13 23:51:09', 28, 7, 6, 64054, 88, 1),
	(1392, '2022-11-13 23:51:09', '2022-11-13 23:51:09', 28, 7, 6, 65852, 40, 1),
	(1393, '2022-11-13 23:51:09', '2022-11-13 23:51:09', 28, 7, 7, 66671, 56, 1),
	(1394, '2022-11-13 23:51:09', '2022-11-13 23:51:09', 28, 7, 7, 66672, 154, 1),
	(1395, '2022-11-13 23:51:09', '2022-11-13 23:51:09', 28, 7, 7, 66673, 97, 1),
	(1396, '2022-11-13 23:51:09', '2022-11-13 23:51:09', 28, 7, 7, 66674, 39, 1),
	(1397, '2022-11-13 23:51:09', '2022-11-13 23:51:09', 28, 7, 7, 66675, 58, 1),
	(1398, '2022-11-13 23:51:09', '2022-11-13 23:51:09', 28, 7, 7, 66670, 131, 1),
	(1399, '2022-11-13 23:51:09', '2022-11-13 23:51:09', 28, 7, 7, 65853, 54, 1),
	(1400, '2022-11-13 23:51:09', '2022-11-13 23:51:09', 28, 7, 8, 0, 49, 1),
	(1401, '2022-11-13 23:51:09', '2022-11-13 23:51:09', 29, 7, 1, 66611, 76, 1),
	(1402, '2022-11-13 23:51:09', '2022-11-13 23:51:09', 29, 7, 1, 66712, 18, 1),
	(1403, '2022-11-13 23:51:09', '2022-11-13 23:51:09', 29, 7, 1, 65911, 87, 1),
	(1404, '2022-11-13 23:51:09', '2022-11-13 23:51:09', 29, 7, 1, 65912, 107, 1),
	(1405, '2022-11-13 23:51:09', '2022-11-13 23:51:09', 29, 7, 1, 65711, 59, 1),
	(1406, '2022-11-13 23:51:09', '2022-11-13 23:51:09', 29, 7, 1, 65712, 81, 1),
	(1407, '2022-11-13 23:51:09', '2022-11-13 23:51:09', 29, 7, 1, 65812, 18, 1),
	(1408, '2022-11-13 23:51:09', '2022-11-13 23:51:09', 29, 7, 2, 66621, 26, 1),
	(1409, '2022-11-13 23:51:09', '2022-11-13 23:51:09', 29, 7, 2, 66622, 22, 1),
	(1410, '2022-11-13 23:51:09', '2022-11-13 23:51:09', 29, 7, 2, 66623, 18, 1),
	(1411, '2022-11-13 23:51:09', '2022-11-13 23:51:09', 29, 7, 2, 66823, 124, 1),
	(1412, '2022-11-13 23:51:09', '2022-11-13 23:51:09', 29, 7, 2, 65921, 154, 1),
	(1413, '2022-11-13 23:51:09', '2022-11-13 23:51:09', 29, 7, 2, 65922, 104, 1),
	(1414, '2022-11-13 23:51:09', '2022-11-13 23:51:09', 29, 7, 2, 65722, 25, 1),
	(1415, '2022-11-13 23:51:09', '2022-11-13 23:51:09', 29, 7, 3, 66631, 28, 1),
	(1416, '2022-11-13 23:51:09', '2022-11-13 23:51:09', 29, 7, 3, 66632, 73, 1),
	(1417, '2022-11-13 23:51:09', '2022-11-13 23:51:09', 29, 7, 3, 66633, 70, 1),
	(1418, '2022-11-13 23:51:09', '2022-11-13 23:51:09', 29, 7, 3, 66634, 88, 1),
	(1419, '2022-11-13 23:51:09', '2022-11-13 23:51:09', 29, 7, 3, 65931, 21, 1),
	(1420, '2022-11-13 23:51:09', '2022-11-13 23:51:09', 29, 7, 3, 65913, 107, 1),
	(1421, '2022-11-13 23:51:09', '2022-11-13 23:51:09', 29, 7, 3, 65811, 116, 1),
	(1422, '2022-11-13 23:51:09', '2022-11-13 23:51:09', 29, 7, 4, 66641, 93, 1),
	(1423, '2022-11-13 23:51:09', '2022-11-13 23:51:09', 29, 7, 4, 66642, 145, 1),
	(1424, '2022-11-13 23:51:09', '2022-11-13 23:51:09', 29, 7, 4, 66643, 93, 1),
	(1425, '2022-11-13 23:51:09', '2022-11-13 23:51:09', 29, 7, 4, 66644, 138, 1),
	(1426, '2022-11-13 23:51:09', '2022-11-13 23:51:09', 29, 7, 4, 66645, 26, 1),
	(1427, '2022-11-13 23:51:09', '2022-11-13 23:51:09', 29, 7, 4, 66842, 134, 1),
	(1428, '2022-11-13 23:51:09', '2022-11-13 23:51:09', 29, 7, 4, 65841, 54, 1),
	(1429, '2022-11-13 23:51:09', '2022-11-13 23:51:09', 29, 7, 5, 66651, 27, 1),
	(1430, '2022-11-13 23:51:09', '2022-11-13 23:51:09', 29, 7, 5, 66652, 147, 1),
	(1431, '2022-11-13 23:51:09', '2022-11-13 23:51:09', 29, 7, 5, 66653, 122, 1),
	(1432, '2022-11-13 23:51:09', '2022-11-13 23:51:09', 29, 7, 5, 66654, 9, 1),
	(1433, '2022-11-13 23:51:09', '2022-11-13 23:51:09', 29, 7, 5, 66655, 58, 1),
	(1434, '2022-11-13 23:51:09', '2022-11-13 23:51:09', 29, 7, 5, 66656, 80, 1),
	(1435, '2022-11-13 23:51:09', '2022-11-13 23:51:09', 29, 7, 5, 65851, 10, 1),
	(1436, '2022-11-13 23:51:09', '2022-11-13 23:51:09', 29, 7, 6, 66661, 122, 1),
	(1437, '2022-11-13 23:51:09', '2022-11-13 23:51:09', 29, 7, 6, 66662, 148, 1),
	(1438, '2022-11-13 23:51:09', '2022-11-13 23:51:09', 29, 7, 6, 66663, 20, 1),
	(1439, '2022-11-13 23:51:09', '2022-11-13 23:51:09', 29, 7, 6, 66664, 113, 1),
	(1440, '2022-11-13 23:51:10', '2022-11-13 23:51:10', 29, 7, 6, 66660, 28, 1),
	(1441, '2022-11-13 23:51:10', '2022-11-13 23:51:10', 29, 7, 6, 64054, 19, 1),
	(1442, '2022-11-13 23:51:10', '2022-11-13 23:51:10', 29, 7, 6, 65852, 10, 1),
	(1443, '2022-11-13 23:51:10', '2022-11-13 23:51:10', 29, 7, 7, 66671, 73, 1),
	(1444, '2022-11-13 23:51:10', '2022-11-13 23:51:10', 29, 7, 7, 66672, 87, 1),
	(1445, '2022-11-13 23:51:10', '2022-11-13 23:51:10', 29, 7, 7, 66673, 2, 1),
	(1446, '2022-11-13 23:51:10', '2022-11-13 23:51:10', 29, 7, 7, 66674, 170, 1),
	(1447, '2022-11-13 23:51:10', '2022-11-13 23:51:10', 29, 7, 7, 66675, 37, 1),
	(1448, '2022-11-13 23:51:10', '2022-11-13 23:51:10', 29, 7, 7, 66670, 92, 1),
	(1449, '2022-11-13 23:51:10', '2022-11-13 23:51:10', 29, 7, 7, 65853, 50, 1),
	(1450, '2022-11-13 23:51:10', '2022-11-13 23:51:10', 29, 7, 8, 0, 87, 1),
	(1451, '2022-11-13 23:51:10', '2022-11-13 23:51:10', 30, 7, 1, 66611, 67, 1),
	(1452, '2022-11-13 23:51:10', '2022-11-13 23:51:10', 30, 7, 1, 66712, 111, 1),
	(1453, '2022-11-13 23:51:10', '2022-11-13 23:51:10', 30, 7, 1, 65911, 17, 1),
	(1454, '2022-11-13 23:51:10', '2022-11-13 23:51:10', 30, 7, 1, 65912, 122, 1),
	(1455, '2022-11-13 23:51:10', '2022-11-13 23:51:10', 30, 7, 1, 65711, 2, 1),
	(1456, '2022-11-13 23:51:10', '2022-11-13 23:51:10', 30, 7, 1, 65712, 45, 1),
	(1457, '2022-11-13 23:51:10', '2022-11-13 23:51:10', 30, 7, 1, 65812, 22, 1),
	(1458, '2022-11-13 23:51:10', '2022-11-13 23:51:10', 30, 7, 2, 66621, 100, 1),
	(1459, '2022-11-13 23:51:10', '2022-11-13 23:51:10', 30, 7, 2, 66622, 87, 1),
	(1460, '2022-11-13 23:51:10', '2022-11-13 23:51:10', 30, 7, 2, 66623, 88, 1),
	(1461, '2022-11-13 23:51:10', '2022-11-13 23:51:10', 30, 7, 2, 66823, 25, 1),
	(1462, '2022-11-13 23:51:10', '2022-11-13 23:51:10', 30, 7, 2, 65921, 57, 1),
	(1463, '2022-11-13 23:51:10', '2022-11-13 23:51:10', 30, 7, 2, 65922, 66, 1),
	(1464, '2022-11-13 23:51:10', '2022-11-13 23:51:10', 30, 7, 2, 65722, 5, 1),
	(1465, '2022-11-13 23:51:10', '2022-11-13 23:51:10', 30, 7, 3, 66631, 19, 1),
	(1466, '2022-11-13 23:51:10', '2022-11-13 23:51:10', 30, 7, 3, 66632, 1, 1),
	(1467, '2022-11-13 23:51:10', '2022-11-13 23:51:10', 30, 7, 3, 66633, 69, 1),
	(1468, '2022-11-13 23:51:10', '2022-11-13 23:51:10', 30, 7, 3, 66634, 81, 1),
	(1469, '2022-11-13 23:51:10', '2022-11-13 23:51:10', 30, 7, 3, 65931, 140, 1),
	(1470, '2022-11-13 23:51:10', '2022-11-13 23:51:10', 30, 7, 3, 65913, 148, 1),
	(1471, '2022-11-13 23:51:10', '2022-11-13 23:51:10', 30, 7, 3, 65811, 120, 1),
	(1472, '2022-11-13 23:51:10', '2022-11-13 23:51:10', 30, 7, 4, 66641, 80, 1),
	(1473, '2022-11-13 23:51:10', '2022-11-13 23:51:10', 30, 7, 4, 66642, 146, 1),
	(1474, '2022-11-13 23:51:10', '2022-11-13 23:51:10', 30, 7, 4, 66643, 27, 1),
	(1475, '2022-11-13 23:51:10', '2022-11-13 23:51:10', 30, 7, 4, 66644, 79, 1),
	(1476, '2022-11-13 23:51:10', '2022-11-13 23:51:10', 30, 7, 4, 66645, 123, 1),
	(1477, '2022-11-13 23:51:10', '2022-11-13 23:51:10', 30, 7, 4, 66842, 177, 1),
	(1478, '2022-11-13 23:51:10', '2022-11-13 23:51:10', 30, 7, 4, 65841, 27, 1),
	(1479, '2022-11-13 23:51:10', '2022-11-13 23:51:10', 30, 7, 5, 66651, 122, 1),
	(1480, '2022-11-13 23:51:10', '2022-11-13 23:51:10', 30, 7, 5, 66652, 29, 1),
	(1481, '2022-11-13 23:51:10', '2022-11-13 23:51:10', 30, 7, 5, 66653, 11, 1),
	(1482, '2022-11-13 23:51:10', '2022-11-13 23:51:10', 30, 7, 5, 66654, 42, 1),
	(1483, '2022-11-13 23:51:10', '2022-11-13 23:51:10', 30, 7, 5, 66655, 34, 1),
	(1484, '2022-11-13 23:51:10', '2022-11-13 23:51:10', 30, 7, 5, 66656, 19, 1),
	(1485, '2022-11-13 23:51:10', '2022-11-13 23:51:10', 30, 7, 5, 65851, 137, 1),
	(1486, '2022-11-13 23:51:10', '2022-11-13 23:51:10', 30, 7, 6, 66661, 6, 1),
	(1487, '2022-11-13 23:51:10', '2022-11-13 23:51:10', 30, 7, 6, 66662, 63, 1),
	(1488, '2022-11-13 23:51:10', '2022-11-13 23:51:10', 30, 7, 6, 66663, 67, 1),
	(1489, '2022-11-13 23:51:10', '2022-11-13 23:51:10', 30, 7, 6, 66664, 38, 1),
	(1490, '2022-11-13 23:51:10', '2022-11-13 23:51:10', 30, 7, 6, 66660, 50, 1),
	(1491, '2022-11-13 23:51:10', '2022-11-13 23:51:10', 30, 7, 6, 64054, 93, 1),
	(1492, '2022-11-13 23:51:10', '2022-11-13 23:51:10', 30, 7, 6, 65852, 78, 1),
	(1493, '2022-11-13 23:51:10', '2022-11-13 23:51:10', 30, 7, 7, 66671, 13, 1),
	(1494, '2022-11-13 23:51:10', '2022-11-13 23:51:10', 30, 7, 7, 66672, 106, 1),
	(1495, '2022-11-13 23:51:10', '2022-11-13 23:51:10', 30, 7, 7, 66673, 21, 1),
	(1496, '2022-11-13 23:51:10', '2022-11-13 23:51:10', 30, 7, 7, 66674, 120, 1),
	(1497, '2022-11-13 23:51:10', '2022-11-13 23:51:10', 30, 7, 7, 66675, 27, 1),
	(1498, '2022-11-13 23:51:10', '2022-11-13 23:51:10', 30, 7, 7, 66670, 115, 1),
	(1499, '2022-11-13 23:51:10', '2022-11-13 23:51:10', 30, 7, 7, 65853, 18, 1),
	(1500, '2022-11-13 23:51:10', '2022-11-13 23:51:10', 30, 7, 8, 0, 46, 1),
	(1501, '2022-11-13 23:51:10', '2022-11-13 23:51:10', 31, 7, 1, 66611, 7, 1),
	(1502, '2022-11-13 23:51:10', '2022-11-13 23:51:10', 31, 7, 1, 66712, 192, 1),
	(1503, '2022-11-13 23:51:10', '2022-11-13 23:51:10', 31, 7, 1, 65911, 85, 1),
	(1504, '2022-11-13 23:51:10', '2022-11-13 23:51:10', 31, 7, 1, 65912, 131, 1),
	(1505, '2022-11-13 23:51:10', '2022-11-13 23:51:10', 31, 7, 1, 65711, 80, 1),
	(1506, '2022-11-13 23:51:10', '2022-11-13 23:51:10', 31, 7, 1, 65712, 33, 1),
	(1507, '2022-11-13 23:51:10', '2022-11-13 23:51:10', 31, 7, 1, 65812, 23, 1),
	(1508, '2022-11-13 23:51:10', '2022-11-13 23:51:10', 31, 7, 2, 66621, 59, 1),
	(1509, '2022-11-13 23:51:10', '2022-11-13 23:51:10', 31, 7, 2, 66622, 39, 1),
	(1510, '2022-11-13 23:51:10', '2022-11-13 23:51:10', 31, 7, 2, 66623, 95, 1),
	(1511, '2022-11-13 23:51:10', '2022-11-13 23:51:10', 31, 7, 2, 66823, 99, 1),
	(1512, '2022-11-13 23:51:10', '2022-11-13 23:51:10', 31, 7, 2, 65921, 31, 1),
	(1513, '2022-11-13 23:51:10', '2022-11-13 23:51:10', 31, 7, 2, 65922, 183, 1),
	(1514, '2022-11-13 23:51:10', '2022-11-13 23:51:10', 31, 7, 2, 65722, 6, 1),
	(1515, '2022-11-13 23:51:10', '2022-11-13 23:51:10', 31, 7, 3, 66631, 142, 1),
	(1516, '2022-11-13 23:51:10', '2022-11-13 23:51:10', 31, 7, 3, 66632, 79, 1),
	(1517, '2022-11-13 23:51:10', '2022-11-13 23:51:10', 31, 7, 3, 66633, 94, 1),
	(1518, '2022-11-13 23:51:10', '2022-11-13 23:51:10', 31, 7, 3, 66634, 5, 1),
	(1519, '2022-11-13 23:51:10', '2022-11-13 23:51:10', 31, 7, 3, 65931, 191, 1),
	(1520, '2022-11-13 23:51:10', '2022-11-13 23:51:10', 31, 7, 3, 65913, 88, 1),
	(1521, '2022-11-13 23:51:10', '2022-11-13 23:51:10', 31, 7, 3, 65811, 28, 1),
	(1522, '2022-11-13 23:51:10', '2022-11-13 23:51:10', 31, 7, 4, 66641, 132, 1),
	(1523, '2022-11-13 23:51:10', '2022-11-13 23:51:10', 31, 7, 4, 66642, 73, 1),
	(1524, '2022-11-13 23:51:10', '2022-11-13 23:51:10', 31, 7, 4, 66643, 37, 1),
	(1525, '2022-11-13 23:51:10', '2022-11-13 23:51:10', 31, 7, 4, 66644, 106, 1),
	(1526, '2022-11-13 23:51:10', '2022-11-13 23:51:10', 31, 7, 4, 66645, 115, 1),
	(1527, '2022-11-13 23:51:10', '2022-11-13 23:51:10', 31, 7, 4, 66842, 57, 1),
	(1528, '2022-11-13 23:51:10', '2022-11-13 23:51:10', 31, 7, 4, 65841, 88, 1),
	(1529, '2022-11-13 23:51:10', '2022-11-13 23:51:10', 31, 7, 5, 66651, 143, 1),
	(1530, '2022-11-13 23:51:10', '2022-11-13 23:51:10', 31, 7, 5, 66652, 132, 1),
	(1531, '2022-11-13 23:51:10', '2022-11-13 23:51:10', 31, 7, 5, 66653, 122, 1),
	(1532, '2022-11-13 23:51:10', '2022-11-13 23:51:10', 31, 7, 5, 66654, 1, 1),
	(1533, '2022-11-13 23:51:10', '2022-11-13 23:51:10', 31, 7, 5, 66655, 48, 1),
	(1534, '2022-11-13 23:51:10', '2022-11-13 23:51:10', 31, 7, 5, 66656, 30, 1),
	(1535, '2022-11-13 23:51:10', '2022-11-13 23:51:10', 31, 7, 5, 65851, 52, 1),
	(1536, '2022-11-13 23:51:10', '2022-11-13 23:51:10', 31, 7, 6, 66661, 125, 1),
	(1537, '2022-11-13 23:51:10', '2022-11-13 23:51:10', 31, 7, 6, 66662, 27, 1),
	(1538, '2022-11-13 23:51:10', '2022-11-13 23:51:10', 31, 7, 6, 66663, 8, 1),
	(1539, '2022-11-13 23:51:10', '2022-11-13 23:51:10', 31, 7, 6, 66664, 97, 1),
	(1540, '2022-11-13 23:51:10', '2022-11-13 23:51:10', 31, 7, 6, 66660, 57, 1),
	(1541, '2022-11-13 23:51:10', '2022-11-13 23:51:10', 31, 7, 6, 64054, 70, 1),
	(1542, '2022-11-13 23:51:10', '2022-11-13 23:51:10', 31, 7, 6, 65852, 44, 1),
	(1543, '2022-11-13 23:51:10', '2022-11-13 23:51:10', 31, 7, 7, 66671, 54, 1),
	(1544, '2022-11-13 23:51:10', '2022-11-13 23:51:10', 31, 7, 7, 66672, 64, 1),
	(1545, '2022-11-13 23:51:10', '2022-11-13 23:51:10', 31, 7, 7, 66673, 49, 1),
	(1546, '2022-11-13 23:51:10', '2022-11-13 23:51:10', 31, 7, 7, 66674, 24, 1),
	(1547, '2022-11-13 23:51:10', '2022-11-13 23:51:10', 31, 7, 7, 66675, 72, 1),
	(1548, '2022-11-13 23:51:10', '2022-11-13 23:51:10', 31, 7, 7, 66670, 21, 1),
	(1549, '2022-11-13 23:51:10', '2022-11-13 23:51:10', 31, 7, 7, 65853, 83, 1),
	(1550, '2022-11-13 23:51:10', '2022-11-13 23:51:10', 31, 7, 8, 0, 37, 1),
	(1551, '2022-11-13 23:51:10', '2022-11-13 23:51:10', 32, 7, 1, 66611, 56, 1),
	(1552, '2022-11-13 23:51:10', '2022-11-13 23:51:10', 32, 7, 1, 66712, 84, 1),
	(1553, '2022-11-13 23:51:10', '2022-11-13 23:51:10', 32, 7, 1, 65911, 149, 1),
	(1554, '2022-11-13 23:51:10', '2022-11-13 23:51:10', 32, 7, 1, 65912, 186, 1),
	(1555, '2022-11-13 23:51:10', '2022-11-13 23:51:10', 32, 7, 1, 65711, 33, 1),
	(1556, '2022-11-13 23:51:10', '2022-11-13 23:51:10', 32, 7, 1, 65712, 39, 1),
	(1557, '2022-11-13 23:51:10', '2022-11-13 23:51:10', 32, 7, 1, 65812, 23, 1),
	(1558, '2022-11-13 23:51:10', '2022-11-13 23:51:10', 32, 7, 2, 66621, 48, 1),
	(1559, '2022-11-13 23:51:10', '2022-11-13 23:51:10', 32, 7, 2, 66622, 90, 1),
	(1560, '2022-11-13 23:51:10', '2022-11-13 23:51:10', 32, 7, 2, 66623, 56, 1),
	(1561, '2022-11-13 23:51:10', '2022-11-13 23:51:10', 32, 7, 2, 66823, 104, 1),
	(1562, '2022-11-13 23:51:10', '2022-11-13 23:51:10', 32, 7, 2, 65921, 198, 1),
	(1563, '2022-11-13 23:51:10', '2022-11-13 23:51:10', 32, 7, 2, 65922, 65, 1),
	(1564, '2022-11-13 23:51:10', '2022-11-13 23:51:10', 32, 7, 2, 65722, 42, 1),
	(1565, '2022-11-13 23:51:10', '2022-11-13 23:51:10', 32, 7, 3, 66631, 42, 1),
	(1566, '2022-11-13 23:51:10', '2022-11-13 23:51:10', 32, 7, 3, 66632, 33, 1),
	(1567, '2022-11-13 23:51:10', '2022-11-13 23:51:10', 32, 7, 3, 66633, 59, 1),
	(1568, '2022-11-13 23:51:10', '2022-11-13 23:51:10', 32, 7, 3, 66634, 31, 1),
	(1569, '2022-11-13 23:51:10', '2022-11-13 23:51:10', 32, 7, 3, 65931, 105, 1),
	(1570, '2022-11-13 23:51:10', '2022-11-13 23:51:10', 32, 7, 3, 65913, 153, 1),
	(1571, '2022-11-13 23:51:10', '2022-11-13 23:51:10', 32, 7, 3, 65811, 107, 1),
	(1572, '2022-11-13 23:51:10', '2022-11-13 23:51:10', 32, 7, 4, 66641, 79, 1),
	(1573, '2022-11-13 23:51:10', '2022-11-13 23:51:10', 32, 7, 4, 66642, 9, 1),
	(1574, '2022-11-13 23:51:10', '2022-11-13 23:51:10', 32, 7, 4, 66643, 29, 1),
	(1575, '2022-11-13 23:51:10', '2022-11-13 23:51:10', 32, 7, 4, 66644, 139, 1),
	(1576, '2022-11-13 23:51:11', '2022-11-13 23:51:11', 32, 7, 4, 66645, 47, 1),
	(1577, '2022-11-13 23:51:11', '2022-11-13 23:51:11', 32, 7, 4, 66842, 45, 1),
	(1578, '2022-11-13 23:51:11', '2022-11-13 23:51:11', 32, 7, 4, 65841, 51, 1),
	(1579, '2022-11-13 23:51:11', '2022-11-13 23:51:11', 32, 7, 5, 66651, 118, 1),
	(1580, '2022-11-13 23:51:11', '2022-11-13 23:51:11', 32, 7, 5, 66652, 7, 1),
	(1581, '2022-11-13 23:51:11', '2022-11-13 23:51:11', 32, 7, 5, 66653, 76, 1),
	(1582, '2022-11-13 23:51:11', '2022-11-13 23:51:11', 32, 7, 5, 66654, 92, 1),
	(1583, '2022-11-13 23:51:11', '2022-11-13 23:51:11', 32, 7, 5, 66655, 31, 1),
	(1584, '2022-11-13 23:51:11', '2022-11-13 23:51:11', 32, 7, 5, 66656, 39, 1),
	(1585, '2022-11-13 23:51:11', '2022-11-13 23:51:11', 32, 7, 5, 65851, 39, 1),
	(1586, '2022-11-13 23:51:11', '2022-11-13 23:51:11', 32, 7, 6, 66661, 74, 1),
	(1587, '2022-11-13 23:51:11', '2022-11-13 23:51:11', 32, 7, 6, 66662, 108, 1),
	(1588, '2022-11-13 23:51:11', '2022-11-13 23:51:11', 32, 7, 6, 66663, 52, 1),
	(1589, '2022-11-13 23:51:11', '2022-11-13 23:51:11', 32, 7, 6, 66664, 23, 1),
	(1590, '2022-11-13 23:51:11', '2022-11-13 23:51:11', 32, 7, 6, 66660, 114, 1),
	(1591, '2022-11-13 23:51:11', '2022-11-13 23:51:11', 32, 7, 6, 64054, 58, 1),
	(1592, '2022-11-13 23:51:11', '2022-11-13 23:51:11', 32, 7, 6, 65852, 99, 1),
	(1593, '2022-11-13 23:51:11', '2022-11-13 23:51:11', 32, 7, 7, 66671, 4, 1),
	(1594, '2022-11-13 23:51:11', '2022-11-13 23:51:11', 32, 7, 7, 66672, 156, 1),
	(1595, '2022-11-13 23:51:11', '2022-11-13 23:51:11', 32, 7, 7, 66673, 54, 1),
	(1596, '2022-11-13 23:51:11', '2022-11-13 23:51:11', 32, 7, 7, 66674, 159, 1),
	(1597, '2022-11-13 23:51:11', '2022-11-13 23:51:11', 32, 7, 7, 66675, 82, 1),
	(1598, '2022-11-13 23:51:11', '2022-11-13 23:51:11', 32, 7, 7, 66670, 105, 1),
	(1599, '2022-11-13 23:51:11', '2022-11-13 23:51:11', 32, 7, 7, 65853, 23, 1),
	(1600, '2022-11-13 23:51:11', '2022-11-13 23:51:11', 32, 7, 8, 0, 49, 1),
	(1601, '2022-11-13 23:51:11', '2022-11-13 23:51:11', 33, 7, 1, 66611, 75, 1),
	(1602, '2022-11-13 23:51:11', '2022-11-13 23:51:11', 33, 7, 1, 66712, 37, 1),
	(1603, '2022-11-13 23:51:11', '2022-11-13 23:51:11', 33, 7, 1, 65911, 1, 1),
	(1604, '2022-11-13 23:51:11', '2022-11-13 23:51:11', 33, 7, 1, 65912, 174, 1),
	(1605, '2022-11-13 23:51:11', '2022-11-13 23:51:11', 33, 7, 1, 65711, 195, 1),
	(1606, '2022-11-13 23:51:11', '2022-11-13 23:51:11', 33, 7, 1, 65712, 100, 1),
	(1607, '2022-11-13 23:51:11', '2022-11-13 23:51:11', 33, 7, 1, 65812, 6, 1),
	(1608, '2022-11-13 23:51:11', '2022-11-13 23:51:11', 33, 7, 2, 66621, 48, 1),
	(1609, '2022-11-13 23:51:11', '2022-11-13 23:51:11', 33, 7, 2, 66622, 7, 1),
	(1610, '2022-11-13 23:51:11', '2022-11-13 23:51:11', 33, 7, 2, 66623, 71, 1),
	(1611, '2022-11-13 23:51:11', '2022-11-13 23:51:11', 33, 7, 2, 66823, 104, 1),
	(1612, '2022-11-13 23:51:11', '2022-11-13 23:51:11', 33, 7, 2, 65921, 88, 1),
	(1613, '2022-11-13 23:51:11', '2022-11-13 23:51:11', 33, 7, 2, 65922, 99, 1),
	(1614, '2022-11-13 23:51:11', '2022-11-13 23:51:11', 33, 7, 2, 65722, 61, 1),
	(1615, '2022-11-13 23:51:11', '2022-11-13 23:51:11', 33, 7, 3, 66631, 16, 1),
	(1616, '2022-11-13 23:51:11', '2022-11-13 23:51:11', 33, 7, 3, 66632, 70, 1),
	(1617, '2022-11-13 23:51:11', '2022-11-13 23:51:11', 33, 7, 3, 66633, 25, 1),
	(1618, '2022-11-13 23:51:11', '2022-11-13 23:51:11', 33, 7, 3, 66634, 46, 1),
	(1619, '2022-11-13 23:51:11', '2022-11-13 23:51:11', 33, 7, 3, 65931, 200, 1),
	(1620, '2022-11-13 23:51:11', '2022-11-13 23:51:11', 33, 7, 3, 65913, 103, 1),
	(1621, '2022-11-13 23:51:11', '2022-11-13 23:51:11', 33, 7, 3, 65811, 74, 1),
	(1622, '2022-11-13 23:51:11', '2022-11-13 23:51:11', 33, 7, 4, 66641, 135, 1),
	(1623, '2022-11-13 23:51:11', '2022-11-13 23:51:11', 33, 7, 4, 66642, 146, 1),
	(1624, '2022-11-13 23:51:11', '2022-11-13 23:51:11', 33, 7, 4, 66643, 95, 1),
	(1625, '2022-11-13 23:51:11', '2022-11-13 23:51:11', 33, 7, 4, 66644, 179, 1),
	(1626, '2022-11-13 23:51:11', '2022-11-13 23:51:11', 33, 7, 4, 66645, 36, 1),
	(1627, '2022-11-13 23:51:11', '2022-11-13 23:51:11', 33, 7, 4, 66842, 84, 1),
	(1628, '2022-11-13 23:51:11', '2022-11-13 23:51:11', 33, 7, 4, 65841, 29, 1),
	(1629, '2022-11-13 23:51:11', '2022-11-13 23:51:11', 33, 7, 5, 66651, 135, 1),
	(1630, '2022-11-13 23:51:11', '2022-11-13 23:51:11', 33, 7, 5, 66652, 1, 1),
	(1631, '2022-11-13 23:51:11', '2022-11-13 23:51:11', 33, 7, 5, 66653, 145, 1),
	(1632, '2022-11-13 23:51:11', '2022-11-13 23:51:11', 33, 7, 5, 66654, 75, 1),
	(1633, '2022-11-13 23:51:11', '2022-11-13 23:51:11', 33, 7, 5, 66655, 91, 1),
	(1634, '2022-11-13 23:51:11', '2022-11-13 23:51:11', 33, 7, 5, 66656, 84, 1),
	(1635, '2022-11-13 23:51:11', '2022-11-13 23:51:11', 33, 7, 5, 65851, 44, 1),
	(1636, '2022-11-13 23:51:11', '2022-11-13 23:51:11', 33, 7, 6, 66661, 46, 1),
	(1637, '2022-11-13 23:51:11', '2022-11-13 23:51:11', 33, 7, 6, 66662, 117, 1),
	(1638, '2022-11-13 23:51:11', '2022-11-13 23:51:11', 33, 7, 6, 66663, 19, 1),
	(1639, '2022-11-13 23:51:11', '2022-11-13 23:51:11', 33, 7, 6, 66664, 102, 1),
	(1640, '2022-11-13 23:51:11', '2022-11-13 23:51:11', 33, 7, 6, 66660, 13, 1),
	(1641, '2022-11-13 23:51:11', '2022-11-13 23:51:11', 33, 7, 6, 64054, 50, 1),
	(1642, '2022-11-13 23:51:11', '2022-11-13 23:51:11', 33, 7, 6, 65852, 33, 1),
	(1643, '2022-11-13 23:51:11', '2022-11-13 23:51:11', 33, 7, 7, 66671, 33, 1),
	(1644, '2022-11-13 23:51:11', '2022-11-13 23:51:11', 33, 7, 7, 66672, 73, 1),
	(1645, '2022-11-13 23:51:11', '2022-11-13 23:51:11', 33, 7, 7, 66673, 51, 1),
	(1646, '2022-11-13 23:51:11', '2022-11-13 23:51:11', 33, 7, 7, 66674, 5, 1),
	(1647, '2022-11-13 23:51:11', '2022-11-13 23:51:11', 33, 7, 7, 66675, 97, 1),
	(1648, '2022-11-13 23:51:11', '2022-11-13 23:51:11', 33, 7, 7, 66670, 34, 1),
	(1649, '2022-11-13 23:51:11', '2022-11-13 23:51:11', 33, 7, 7, 65853, 3, 1),
	(1650, '2022-11-13 23:51:11', '2022-11-13 23:51:11', 33, 7, 8, 0, 11, 1),
	(1651, '2022-11-13 23:51:11', '2022-11-13 23:51:11', 34, 7, 1, 66611, 82, 1),
	(1652, '2022-11-13 23:51:11', '2022-11-13 23:51:11', 34, 7, 1, 66712, 54, 1),
	(1653, '2022-11-13 23:51:11', '2022-11-13 23:51:11', 34, 7, 1, 65911, 20, 1),
	(1654, '2022-11-13 23:51:11', '2022-11-13 23:51:11', 34, 7, 1, 65912, 62, 1),
	(1655, '2022-11-13 23:51:11', '2022-11-13 23:51:11', 34, 7, 1, 65711, 64, 1),
	(1656, '2022-11-13 23:51:11', '2022-11-13 23:51:11', 34, 7, 1, 65712, 32, 1),
	(1657, '2022-11-13 23:51:11', '2022-11-13 23:51:11', 34, 7, 1, 65812, 22, 1),
	(1658, '2022-11-13 23:51:11', '2022-11-13 23:51:11', 34, 7, 2, 66621, 88, 1),
	(1659, '2022-11-13 23:51:11', '2022-11-13 23:51:11', 34, 7, 2, 66622, 17, 1),
	(1660, '2022-11-13 23:51:11', '2022-11-13 23:51:11', 34, 7, 2, 66623, 99, 1),
	(1661, '2022-11-13 23:51:11', '2022-11-13 23:51:11', 34, 7, 2, 66823, 95, 1),
	(1662, '2022-11-13 23:51:11', '2022-11-13 23:51:11', 34, 7, 2, 65921, 116, 1),
	(1663, '2022-11-13 23:51:11', '2022-11-13 23:51:11', 34, 7, 2, 65922, 19, 1),
	(1664, '2022-11-13 23:51:11', '2022-11-13 23:51:11', 34, 7, 2, 65722, 48, 1),
	(1665, '2022-11-13 23:51:11', '2022-11-13 23:51:11', 34, 7, 3, 66631, 142, 1),
	(1666, '2022-11-13 23:51:11', '2022-11-13 23:51:11', 34, 7, 3, 66632, 146, 1),
	(1667, '2022-11-13 23:51:11', '2022-11-13 23:51:11', 34, 7, 3, 66633, 17, 1),
	(1668, '2022-11-13 23:51:11', '2022-11-13 23:51:11', 34, 7, 3, 66634, 70, 1),
	(1669, '2022-11-13 23:51:11', '2022-11-13 23:51:11', 34, 7, 3, 65931, 60, 1),
	(1670, '2022-11-13 23:51:11', '2022-11-13 23:51:11', 34, 7, 3, 65913, 106, 1),
	(1671, '2022-11-13 23:51:11', '2022-11-13 23:51:11', 34, 7, 3, 65811, 147, 1),
	(1672, '2022-11-13 23:51:11', '2022-11-13 23:51:11', 34, 7, 4, 66641, 100, 1),
	(1673, '2022-11-13 23:51:11', '2022-11-13 23:51:11', 34, 7, 4, 66642, 36, 1),
	(1674, '2022-11-13 23:51:11', '2022-11-13 23:51:11', 34, 7, 4, 66643, 97, 1),
	(1675, '2022-11-13 23:51:11', '2022-11-13 23:51:11', 34, 7, 4, 66644, 84, 1),
	(1676, '2022-11-13 23:51:11', '2022-11-13 23:51:11', 34, 7, 4, 66645, 145, 1),
	(1677, '2022-11-13 23:51:11', '2022-11-13 23:51:11', 34, 7, 4, 66842, 34, 1),
	(1678, '2022-11-13 23:51:11', '2022-11-13 23:51:11', 34, 7, 4, 65841, 65, 1),
	(1679, '2022-11-13 23:51:11', '2022-11-13 23:51:11', 34, 7, 5, 66651, 133, 1),
	(1680, '2022-11-13 23:51:11', '2022-11-13 23:51:11', 34, 7, 5, 66652, 79, 1),
	(1681, '2022-11-13 23:51:11', '2022-11-13 23:51:11', 34, 7, 5, 66653, 104, 1),
	(1682, '2022-11-13 23:51:11', '2022-11-13 23:51:11', 34, 7, 5, 66654, 27, 1),
	(1683, '2022-11-13 23:51:11', '2022-11-13 23:51:11', 34, 7, 5, 66655, 179, 1),
	(1684, '2022-11-13 23:51:11', '2022-11-13 23:51:11', 34, 7, 5, 66656, 93, 1),
	(1685, '2022-11-13 23:51:11', '2022-11-13 23:51:11', 34, 7, 5, 65851, 24, 1),
	(1686, '2022-11-13 23:51:11', '2022-11-13 23:51:11', 34, 7, 6, 66661, 171, 1),
	(1687, '2022-11-13 23:51:11', '2022-11-13 23:51:11', 34, 7, 6, 66662, 102, 1),
	(1688, '2022-11-13 23:51:11', '2022-11-13 23:51:11', 34, 7, 6, 66663, 40, 1),
	(1689, '2022-11-13 23:51:11', '2022-11-13 23:51:11', 34, 7, 6, 66664, 98, 1),
	(1690, '2022-11-13 23:51:11', '2022-11-13 23:51:11', 34, 7, 6, 66660, 14, 1),
	(1691, '2022-11-13 23:51:11', '2022-11-13 23:51:11', 34, 7, 6, 64054, 80, 1),
	(1692, '2022-11-13 23:51:11', '2022-11-13 23:51:11', 34, 7, 6, 65852, 29, 1),
	(1693, '2022-11-13 23:51:11', '2022-11-13 23:51:11', 34, 7, 7, 66671, 61, 1),
	(1694, '2022-11-13 23:51:11', '2022-11-13 23:51:11', 34, 7, 7, 66672, 159, 1),
	(1695, '2022-11-13 23:51:11', '2022-11-13 23:51:11', 34, 7, 7, 66673, 25, 1),
	(1696, '2022-11-13 23:51:11', '2022-11-13 23:51:11', 34, 7, 7, 66674, 189, 1),
	(1697, '2022-11-13 23:51:11', '2022-11-13 23:51:11', 34, 7, 7, 66675, 86, 1),
	(1698, '2022-11-13 23:51:11', '2022-11-13 23:51:11', 34, 7, 7, 66670, 81, 1),
	(1699, '2022-11-13 23:51:11', '2022-11-13 23:51:11', 34, 7, 7, 65853, 14, 1),
	(1700, '2022-11-13 23:51:11', '2022-11-13 23:51:11', 34, 7, 8, 0, 18, 1),
	(1701, '2022-11-13 23:51:11', '2022-11-13 23:51:11', 35, 7, 1, 66611, 94, 1),
	(1702, '2022-11-13 23:51:11', '2022-11-13 23:51:11', 35, 7, 1, 66712, 176, 1),
	(1703, '2022-11-13 23:51:11', '2022-11-13 23:51:11', 35, 7, 1, 65911, 65, 1),
	(1704, '2022-11-13 23:51:11', '2022-11-13 23:51:11', 35, 7, 1, 65912, 78, 1),
	(1705, '2022-11-13 23:51:11', '2022-11-13 23:51:11', 35, 7, 1, 65711, 86, 1),
	(1706, '2022-11-13 23:51:11', '2022-11-13 23:51:11', 35, 7, 1, 65712, 6, 1),
	(1707, '2022-11-13 23:51:11', '2022-11-13 23:51:11', 35, 7, 1, 65812, 5, 1),
	(1708, '2022-11-13 23:51:12', '2022-11-13 23:51:12', 35, 7, 2, 66621, 9, 1),
	(1709, '2022-11-13 23:51:12', '2022-11-13 23:51:12', 35, 7, 2, 66622, 76, 1),
	(1710, '2022-11-13 23:51:12', '2022-11-13 23:51:12', 35, 7, 2, 66623, 0, 1),
	(1711, '2022-11-13 23:51:12', '2022-11-13 23:51:12', 35, 7, 2, 66823, 21, 1),
	(1712, '2022-11-13 23:51:12', '2022-11-13 23:51:12', 35, 7, 2, 65921, 6, 1),
	(1713, '2022-11-13 23:51:12', '2022-11-13 23:51:12', 35, 7, 2, 65922, 191, 1),
	(1714, '2022-11-13 23:51:12', '2022-11-13 23:51:12', 35, 7, 2, 65722, 21, 1),
	(1715, '2022-11-13 23:51:12', '2022-11-13 23:51:12', 35, 7, 3, 66631, 92, 1),
	(1716, '2022-11-13 23:51:12', '2022-11-13 23:51:12', 35, 7, 3, 66632, 58, 1),
	(1717, '2022-11-13 23:51:12', '2022-11-13 23:51:12', 35, 7, 3, 66633, 33, 1),
	(1718, '2022-11-13 23:51:12', '2022-11-13 23:51:12', 35, 7, 3, 66634, 98, 1),
	(1719, '2022-11-13 23:51:12', '2022-11-13 23:51:12', 35, 7, 3, 65931, 39, 1),
	(1720, '2022-11-13 23:51:12', '2022-11-13 23:51:12', 35, 7, 3, 65913, 115, 1),
	(1721, '2022-11-13 23:51:12', '2022-11-13 23:51:12', 35, 7, 3, 65811, 47, 1),
	(1722, '2022-11-13 23:51:12', '2022-11-13 23:51:12', 35, 7, 4, 66641, 52, 1),
	(1723, '2022-11-13 23:51:12', '2022-11-13 23:51:12', 35, 7, 4, 66642, 38, 1),
	(1724, '2022-11-13 23:51:12', '2022-11-13 23:51:12', 35, 7, 4, 66643, 4, 1),
	(1725, '2022-11-13 23:51:12', '2022-11-13 23:51:12', 35, 7, 4, 66644, 139, 1),
	(1726, '2022-11-13 23:51:12', '2022-11-13 23:51:12', 35, 7, 4, 66645, 69, 1),
	(1727, '2022-11-13 23:51:12', '2022-11-13 23:51:12', 35, 7, 4, 66842, 99, 1),
	(1728, '2022-11-13 23:51:12', '2022-11-13 23:51:12', 35, 7, 4, 65841, 39, 1),
	(1729, '2022-11-13 23:51:12', '2022-11-13 23:51:12', 35, 7, 5, 66651, 102, 1),
	(1730, '2022-11-13 23:51:12', '2022-11-13 23:51:12', 35, 7, 5, 66652, 40, 1),
	(1731, '2022-11-13 23:51:12', '2022-11-13 23:51:12', 35, 7, 5, 66653, 68, 1),
	(1732, '2022-11-13 23:51:12', '2022-11-13 23:51:12', 35, 7, 5, 66654, 76, 1),
	(1733, '2022-11-13 23:51:12', '2022-11-13 23:51:12', 35, 7, 5, 66655, 52, 1),
	(1734, '2022-11-13 23:51:12', '2022-11-13 23:51:12', 35, 7, 5, 66656, 45, 1),
	(1735, '2022-11-13 23:51:12', '2022-11-13 23:51:12', 35, 7, 5, 65851, 17, 1),
	(1736, '2022-11-13 23:51:12', '2022-11-13 23:51:12', 35, 7, 6, 66661, 69, 1),
	(1737, '2022-11-13 23:51:12', '2022-11-13 23:51:12', 35, 7, 6, 66662, 19, 1),
	(1738, '2022-11-13 23:51:12', '2022-11-13 23:51:12', 35, 7, 6, 66663, 20, 1),
	(1739, '2022-11-13 23:51:12', '2022-11-13 23:51:12', 35, 7, 6, 66664, 18, 1),
	(1740, '2022-11-13 23:51:12', '2022-11-13 23:51:12', 35, 7, 6, 66660, 109, 1),
	(1741, '2022-11-13 23:51:12', '2022-11-13 23:51:12', 35, 7, 6, 64054, 46, 1),
	(1742, '2022-11-13 23:51:12', '2022-11-13 23:51:12', 35, 7, 6, 65852, 37, 1),
	(1743, '2022-11-13 23:51:12', '2022-11-13 23:51:12', 35, 7, 7, 66671, 89, 1),
	(1744, '2022-11-13 23:51:12', '2022-11-13 23:51:12', 35, 7, 7, 66672, 194, 1),
	(1745, '2022-11-13 23:51:12', '2022-11-13 23:51:12', 35, 7, 7, 66673, 70, 1),
	(1746, '2022-11-13 23:51:12', '2022-11-13 23:51:12', 35, 7, 7, 66674, 56, 1),
	(1747, '2022-11-13 23:51:12', '2022-11-13 23:51:12', 35, 7, 7, 66675, 75, 1),
	(1748, '2022-11-13 23:51:12', '2022-11-13 23:51:12', 35, 7, 7, 66670, 80, 1),
	(1749, '2022-11-13 23:51:12', '2022-11-13 23:51:12', 35, 7, 7, 65853, 40, 1),
	(1750, '2022-11-13 23:51:12', '2022-11-13 23:51:12', 35, 7, 8, 0, 73, 1),
	(1751, '2022-11-13 23:51:12', '2022-11-13 23:51:12', 36, 7, 1, 66611, 47, 1),
	(1752, '2022-11-13 23:51:12', '2022-11-13 23:51:12', 36, 7, 1, 66712, 91, 1),
	(1753, '2022-11-13 23:51:12', '2022-11-13 23:51:12', 36, 7, 1, 65911, 44, 1),
	(1754, '2022-11-13 23:51:12', '2022-11-13 23:51:12', 36, 7, 1, 65912, 83, 1),
	(1755, '2022-11-13 23:51:12', '2022-11-13 23:51:12', 36, 7, 1, 65711, 116, 1),
	(1756, '2022-11-13 23:51:12', '2022-11-13 23:51:12', 36, 7, 1, 65712, 16, 1),
	(1757, '2022-11-13 23:51:12', '2022-11-13 23:51:12', 36, 7, 1, 65812, 0, 1),
	(1758, '2022-11-13 23:51:12', '2022-11-13 23:51:12', 36, 7, 2, 66621, 90, 1),
	(1759, '2022-11-13 23:51:12', '2022-11-13 23:51:12', 36, 7, 2, 66622, 64, 1),
	(1760, '2022-11-13 23:51:12', '2022-11-13 23:51:12', 36, 7, 2, 66623, 52, 1),
	(1761, '2022-11-13 23:51:12', '2022-11-13 23:51:12', 36, 7, 2, 66823, 144, 1),
	(1762, '2022-11-13 23:51:12', '2022-11-13 23:51:12', 36, 7, 2, 65921, 162, 1),
	(1763, '2022-11-13 23:51:12', '2022-11-13 23:51:12', 36, 7, 2, 65922, 11, 1),
	(1764, '2022-11-13 23:51:12', '2022-11-13 23:51:12', 36, 7, 2, 65722, 55, 1),
	(1765, '2022-11-13 23:51:12', '2022-11-13 23:51:12', 36, 7, 3, 66631, 116, 1),
	(1766, '2022-11-13 23:51:12', '2022-11-13 23:51:12', 36, 7, 3, 66632, 89, 1),
	(1767, '2022-11-13 23:51:12', '2022-11-13 23:51:12', 36, 7, 3, 66633, 78, 1),
	(1768, '2022-11-13 23:51:12', '2022-11-13 23:51:12', 36, 7, 3, 66634, 66, 1),
	(1769, '2022-11-13 23:51:12', '2022-11-13 23:51:12', 36, 7, 3, 65931, 130, 1),
	(1770, '2022-11-13 23:51:12', '2022-11-13 23:51:12', 36, 7, 3, 65913, 200, 1),
	(1771, '2022-11-13 23:51:12', '2022-11-13 23:51:12', 36, 7, 3, 65811, 68, 1),
	(1772, '2022-11-13 23:51:12', '2022-11-13 23:51:12', 36, 7, 4, 66641, 12, 1),
	(1773, '2022-11-13 23:51:12', '2022-11-13 23:51:12', 36, 7, 4, 66642, 71, 1),
	(1774, '2022-11-13 23:51:12', '2022-11-13 23:51:12', 36, 7, 4, 66643, 34, 1),
	(1775, '2022-11-13 23:51:12', '2022-11-13 23:51:12', 36, 7, 4, 66644, 35, 1),
	(1776, '2022-11-13 23:51:12', '2022-11-13 23:51:12', 36, 7, 4, 66645, 116, 1),
	(1777, '2022-11-13 23:51:12', '2022-11-13 23:51:12', 36, 7, 4, 66842, 160, 1),
	(1778, '2022-11-13 23:51:12', '2022-11-13 23:51:12', 36, 7, 4, 65841, 23, 1),
	(1779, '2022-11-13 23:51:12', '2022-11-13 23:51:12', 36, 7, 5, 66651, 92, 1),
	(1780, '2022-11-13 23:51:12', '2022-11-13 23:51:12', 36, 7, 5, 66652, 38, 1),
	(1781, '2022-11-13 23:51:12', '2022-11-13 23:51:12', 36, 7, 5, 66653, 41, 1),
	(1782, '2022-11-13 23:51:12', '2022-11-13 23:51:12', 36, 7, 5, 66654, 94, 1),
	(1783, '2022-11-13 23:51:12', '2022-11-13 23:51:12', 36, 7, 5, 66655, 26, 1),
	(1784, '2022-11-13 23:51:12', '2022-11-13 23:51:12', 36, 7, 5, 66656, 50, 1),
	(1785, '2022-11-13 23:51:12', '2022-11-13 23:51:12', 36, 7, 5, 65851, 93, 1),
	(1786, '2022-11-13 23:51:12', '2022-11-13 23:51:12', 36, 7, 6, 66661, 36, 1),
	(1787, '2022-11-13 23:51:12', '2022-11-13 23:51:12', 36, 7, 6, 66662, 6, 1),
	(1788, '2022-11-13 23:51:12', '2022-11-13 23:51:12', 36, 7, 6, 66663, 17, 1),
	(1789, '2022-11-13 23:51:12', '2022-11-13 23:51:12', 36, 7, 6, 66664, 17, 1),
	(1790, '2022-11-13 23:51:12', '2022-11-13 23:51:12', 36, 7, 6, 66660, 2, 1),
	(1791, '2022-11-13 23:51:12', '2022-11-13 23:51:12', 36, 7, 6, 64054, 73, 1),
	(1792, '2022-11-13 23:51:12', '2022-11-13 23:51:12', 36, 7, 6, 65852, 23, 1),
	(1793, '2022-11-13 23:51:12', '2022-11-13 23:51:12', 36, 7, 7, 66671, 32, 1),
	(1794, '2022-11-13 23:51:12', '2022-11-13 23:51:12', 36, 7, 7, 66672, 169, 1),
	(1795, '2022-11-13 23:51:12', '2022-11-13 23:51:12', 36, 7, 7, 66673, 39, 1),
	(1796, '2022-11-13 23:51:12', '2022-11-13 23:51:12', 36, 7, 7, 66674, 50, 1),
	(1797, '2022-11-13 23:51:12', '2022-11-13 23:51:12', 36, 7, 7, 66675, 92, 1),
	(1798, '2022-11-13 23:51:12', '2022-11-13 23:51:12', 36, 7, 7, 66670, 67, 1),
	(1799, '2022-11-13 23:51:12', '2022-11-13 23:51:12', 36, 7, 7, 65853, 46, 1),
	(1800, '2022-11-13 23:51:12', '2022-11-13 23:51:12', 36, 7, 8, 0, 71, 1),
	(1801, '2022-11-13 23:51:12', '2022-11-13 23:51:12', 37, 7, 1, 66611, 59, 1),
	(1802, '2022-11-13 23:51:12', '2022-11-13 23:51:12', 37, 7, 1, 66712, 151, 1),
	(1803, '2022-11-13 23:51:12', '2022-11-13 23:51:12', 37, 7, 1, 65911, 156, 1),
	(1804, '2022-11-13 23:51:12', '2022-11-13 23:51:12', 37, 7, 1, 65912, 139, 1),
	(1805, '2022-11-13 23:51:12', '2022-11-13 23:51:12', 37, 7, 1, 65711, 86, 1),
	(1806, '2022-11-13 23:51:12', '2022-11-13 23:51:12', 37, 7, 1, 65712, 98, 1),
	(1807, '2022-11-13 23:51:12', '2022-11-13 23:51:12', 37, 7, 1, 65812, 28, 1),
	(1808, '2022-11-13 23:51:12', '2022-11-13 23:51:12', 37, 7, 2, 66621, 16, 1),
	(1809, '2022-11-13 23:51:12', '2022-11-13 23:51:12', 37, 7, 2, 66622, 86, 1),
	(1810, '2022-11-13 23:51:12', '2022-11-13 23:51:12', 37, 7, 2, 66623, 68, 1),
	(1811, '2022-11-13 23:51:12', '2022-11-13 23:51:12', 37, 7, 2, 66823, 124, 1),
	(1812, '2022-11-13 23:51:12', '2022-11-13 23:51:12', 37, 7, 2, 65921, 99, 1),
	(1813, '2022-11-13 23:51:12', '2022-11-13 23:51:12', 37, 7, 2, 65922, 191, 1),
	(1814, '2022-11-13 23:51:12', '2022-11-13 23:51:12', 37, 7, 2, 65722, 60, 1),
	(1815, '2022-11-13 23:51:12', '2022-11-13 23:51:12', 37, 7, 3, 66631, 91, 1),
	(1816, '2022-11-13 23:51:12', '2022-11-13 23:51:12', 37, 7, 3, 66632, 63, 1),
	(1817, '2022-11-13 23:51:12', '2022-11-13 23:51:12', 37, 7, 3, 66633, 3, 1),
	(1818, '2022-11-13 23:51:12', '2022-11-13 23:51:12', 37, 7, 3, 66634, 22, 1),
	(1819, '2022-11-13 23:51:12', '2022-11-13 23:51:12', 37, 7, 3, 65931, 99, 1),
	(1820, '2022-11-13 23:51:12', '2022-11-13 23:51:12', 37, 7, 3, 65913, 67, 1),
	(1821, '2022-11-13 23:51:12', '2022-11-13 23:51:12', 37, 7, 3, 65811, 53, 1),
	(1822, '2022-11-13 23:51:12', '2022-11-13 23:51:12', 37, 7, 4, 66641, 74, 1),
	(1823, '2022-11-13 23:51:12', '2022-11-13 23:51:12', 37, 7, 4, 66642, 40, 1),
	(1824, '2022-11-13 23:51:12', '2022-11-13 23:51:12', 37, 7, 4, 66643, 1, 1),
	(1825, '2022-11-13 23:51:12', '2022-11-13 23:51:12', 37, 7, 4, 66644, 119, 1),
	(1826, '2022-11-13 23:51:12', '2022-11-13 23:51:12', 37, 7, 4, 66645, 22, 1),
	(1827, '2022-11-13 23:51:12', '2022-11-13 23:51:12', 37, 7, 4, 66842, 106, 1),
	(1828, '2022-11-13 23:51:12', '2022-11-13 23:51:12', 37, 7, 4, 65841, 50, 1),
	(1829, '2022-11-13 23:51:12', '2022-11-13 23:51:12', 37, 7, 5, 66651, 19, 1),
	(1830, '2022-11-13 23:51:12', '2022-11-13 23:51:12', 37, 7, 5, 66652, 56, 1),
	(1831, '2022-11-13 23:51:12', '2022-11-13 23:51:12', 37, 7, 5, 66653, 63, 1),
	(1832, '2022-11-13 23:51:12', '2022-11-13 23:51:12', 37, 7, 5, 66654, 87, 1),
	(1833, '2022-11-13 23:51:12', '2022-11-13 23:51:12', 37, 7, 5, 66655, 3, 1),
	(1834, '2022-11-13 23:51:12', '2022-11-13 23:51:12', 37, 7, 5, 66656, 48, 1),
	(1835, '2022-11-13 23:51:12', '2022-11-13 23:51:12', 37, 7, 5, 65851, 39, 1),
	(1836, '2022-11-13 23:51:13', '2022-11-13 23:51:13', 37, 7, 6, 66661, 3, 1),
	(1837, '2022-11-13 23:51:13', '2022-11-13 23:51:13', 37, 7, 6, 66662, 68, 1),
	(1838, '2022-11-13 23:51:13', '2022-11-13 23:51:13', 37, 7, 6, 66663, 40, 1),
	(1839, '2022-11-13 23:51:13', '2022-11-13 23:51:13', 37, 7, 6, 66664, 42, 1),
	(1840, '2022-11-13 23:51:13', '2022-11-13 23:51:13', 37, 7, 6, 66660, 112, 1),
	(1841, '2022-11-13 23:51:13', '2022-11-13 23:51:13', 37, 7, 6, 64054, 60, 1),
	(1842, '2022-11-13 23:51:13', '2022-11-13 23:51:13', 37, 7, 6, 65852, 70, 1),
	(1843, '2022-11-13 23:51:13', '2022-11-13 23:51:13', 37, 7, 7, 66671, 80, 1),
	(1844, '2022-11-13 23:51:13', '2022-11-13 23:51:13', 37, 7, 7, 66672, 198, 1),
	(1845, '2022-11-13 23:51:13', '2022-11-13 23:51:13', 37, 7, 7, 66673, 7, 1),
	(1846, '2022-11-13 23:51:13', '2022-11-13 23:51:13', 37, 7, 7, 66674, 154, 1),
	(1847, '2022-11-13 23:51:13', '2022-11-13 23:51:13', 37, 7, 7, 66675, 33, 1),
	(1848, '2022-11-13 23:51:13', '2022-11-13 23:51:13', 37, 7, 7, 66670, 51, 1),
	(1849, '2022-11-13 23:51:13', '2022-11-13 23:51:13', 37, 7, 7, 65853, 1, 1),
	(1850, '2022-11-13 23:51:13', '2022-11-13 23:51:13', 37, 7, 8, 0, 38, 1),
	(1851, '2022-11-13 23:51:13', '2022-11-13 23:51:13', 38, 7, 1, 66611, 97, 1),
	(1852, '2022-11-13 23:51:13', '2022-11-13 23:51:13', 38, 7, 1, 66712, 39, 1),
	(1853, '2022-11-13 23:51:13', '2022-11-13 23:51:13', 38, 7, 1, 65911, 19, 1),
	(1854, '2022-11-13 23:51:13', '2022-11-13 23:51:13', 38, 7, 1, 65912, 176, 1),
	(1855, '2022-11-13 23:51:13', '2022-11-13 23:51:13', 38, 7, 1, 65711, 97, 1),
	(1856, '2022-11-13 23:51:13', '2022-11-13 23:51:13', 38, 7, 1, 65712, 21, 1),
	(1857, '2022-11-13 23:51:13', '2022-11-13 23:51:13', 38, 7, 1, 65812, 27, 1),
	(1858, '2022-11-13 23:51:13', '2022-11-13 23:51:13', 38, 7, 2, 66621, 9, 1),
	(1859, '2022-11-13 23:51:13', '2022-11-13 23:51:13', 38, 7, 2, 66622, 3, 1),
	(1860, '2022-11-13 23:51:13', '2022-11-13 23:51:13', 38, 7, 2, 66623, 34, 1),
	(1861, '2022-11-13 23:51:13', '2022-11-13 23:51:13', 38, 7, 2, 66823, 14, 1),
	(1862, '2022-11-13 23:51:13', '2022-11-13 23:51:13', 38, 7, 2, 65921, 57, 1),
	(1863, '2022-11-13 23:51:13', '2022-11-13 23:51:13', 38, 7, 2, 65922, 110, 1),
	(1864, '2022-11-13 23:51:13', '2022-11-13 23:51:13', 38, 7, 2, 65722, 52, 1),
	(1865, '2022-11-13 23:51:13', '2022-11-13 23:51:13', 38, 7, 3, 66631, 94, 1),
	(1866, '2022-11-13 23:51:13', '2022-11-13 23:51:13', 38, 7, 3, 66632, 78, 1),
	(1867, '2022-11-13 23:51:13', '2022-11-13 23:51:13', 38, 7, 3, 66633, 10, 1),
	(1868, '2022-11-13 23:51:13', '2022-11-13 23:51:13', 38, 7, 3, 66634, 90, 1),
	(1869, '2022-11-13 23:51:13', '2022-11-13 23:51:13', 38, 7, 3, 65931, 180, 1),
	(1870, '2022-11-13 23:51:13', '2022-11-13 23:51:13', 38, 7, 3, 65913, 179, 1),
	(1871, '2022-11-13 23:51:13', '2022-11-13 23:51:13', 38, 7, 3, 65811, 24, 1),
	(1872, '2022-11-13 23:51:13', '2022-11-13 23:51:13', 38, 7, 4, 66641, 131, 1),
	(1873, '2022-11-13 23:51:13', '2022-11-13 23:51:13', 38, 7, 4, 66642, 54, 1),
	(1874, '2022-11-13 23:51:13', '2022-11-13 23:51:13', 38, 7, 4, 66643, 74, 1),
	(1875, '2022-11-13 23:51:13', '2022-11-13 23:51:13', 38, 7, 4, 66644, 137, 1),
	(1876, '2022-11-13 23:51:13', '2022-11-13 23:51:13', 38, 7, 4, 66645, 73, 1),
	(1877, '2022-11-13 23:51:13', '2022-11-13 23:51:13', 38, 7, 4, 66842, 62, 1),
	(1878, '2022-11-13 23:51:13', '2022-11-13 23:51:13', 38, 7, 4, 65841, 94, 1),
	(1879, '2022-11-13 23:51:13', '2022-11-13 23:51:13', 38, 7, 5, 66651, 105, 1),
	(1880, '2022-11-13 23:51:13', '2022-11-13 23:51:13', 38, 7, 5, 66652, 96, 1),
	(1881, '2022-11-13 23:51:13', '2022-11-13 23:51:13', 38, 7, 5, 66653, 19, 1),
	(1882, '2022-11-13 23:51:13', '2022-11-13 23:51:13', 38, 7, 5, 66654, 4, 1),
	(1883, '2022-11-13 23:51:13', '2022-11-13 23:51:13', 38, 7, 5, 66655, 115, 1),
	(1884, '2022-11-13 23:51:13', '2022-11-13 23:51:13', 38, 7, 5, 66656, 74, 1),
	(1885, '2022-11-13 23:51:13', '2022-11-13 23:51:13', 38, 7, 5, 65851, 102, 1),
	(1886, '2022-11-13 23:51:13', '2022-11-13 23:51:13', 38, 7, 6, 66661, 197, 1),
	(1887, '2022-11-13 23:51:13', '2022-11-13 23:51:13', 38, 7, 6, 66662, 32, 1),
	(1888, '2022-11-13 23:51:13', '2022-11-13 23:51:13', 38, 7, 6, 66663, 76, 1),
	(1889, '2022-11-13 23:51:13', '2022-11-13 23:51:13', 38, 7, 6, 66664, 78, 1),
	(1890, '2022-11-13 23:51:13', '2022-11-13 23:51:13', 38, 7, 6, 66660, 104, 1),
	(1891, '2022-11-13 23:51:13', '2022-11-13 23:51:13', 38, 7, 6, 64054, 23, 1),
	(1892, '2022-11-13 23:51:13', '2022-11-13 23:51:13', 38, 7, 6, 65852, 42, 1),
	(1893, '2022-11-13 23:51:13', '2022-11-13 23:51:13', 38, 7, 7, 66671, 143, 1),
	(1894, '2022-11-13 23:51:13', '2022-11-13 23:51:13', 38, 7, 7, 66672, 57, 1),
	(1895, '2022-11-13 23:51:13', '2022-11-13 23:51:13', 38, 7, 7, 66673, 92, 1),
	(1896, '2022-11-13 23:51:13', '2022-11-13 23:51:13', 38, 7, 7, 66674, 117, 1),
	(1897, '2022-11-13 23:51:13', '2022-11-13 23:51:13', 38, 7, 7, 66675, 29, 1),
	(1898, '2022-11-13 23:51:13', '2022-11-13 23:51:13', 38, 7, 7, 66670, 128, 1),
	(1899, '2022-11-13 23:51:13', '2022-11-13 23:51:13', 38, 7, 7, 65853, 70, 1),
	(1900, '2022-11-13 23:51:13', '2022-11-13 23:51:13', 38, 7, 8, 0, 42, 1),
	(1901, '2022-11-13 23:51:13', '2022-11-13 23:51:13', 39, 7, 1, 66611, 37, 1),
	(1902, '2022-11-13 23:51:13', '2022-11-13 23:51:13', 39, 7, 1, 66712, 175, 1),
	(1903, '2022-11-13 23:51:13', '2022-11-13 23:51:13', 39, 7, 1, 65911, 165, 1),
	(1904, '2022-11-13 23:51:13', '2022-11-13 23:51:13', 39, 7, 1, 65912, 141, 1),
	(1905, '2022-11-13 23:51:13', '2022-11-13 23:51:13', 39, 7, 1, 65711, 44, 1),
	(1906, '2022-11-13 23:51:13', '2022-11-13 23:51:13', 39, 7, 1, 65712, 98, 1),
	(1907, '2022-11-13 23:51:13', '2022-11-13 23:51:13', 39, 7, 1, 65812, 39, 1),
	(1908, '2022-11-13 23:51:13', '2022-11-13 23:51:13', 39, 7, 2, 66621, 92, 1),
	(1909, '2022-11-13 23:51:13', '2022-11-13 23:51:13', 39, 7, 2, 66622, 13, 1),
	(1910, '2022-11-13 23:51:13', '2022-11-13 23:51:13', 39, 7, 2, 66623, 95, 1),
	(1911, '2022-11-13 23:51:13', '2022-11-13 23:51:13', 39, 7, 2, 66823, 39, 1),
	(1912, '2022-11-13 23:51:13', '2022-11-13 23:51:13', 39, 7, 2, 65921, 47, 1),
	(1913, '2022-11-13 23:51:13', '2022-11-13 23:51:13', 39, 7, 2, 65922, 6, 1),
	(1914, '2022-11-13 23:51:13', '2022-11-13 23:51:13', 39, 7, 2, 65722, 10, 1),
	(1915, '2022-11-13 23:51:13', '2022-11-13 23:51:13', 39, 7, 3, 66631, 120, 1),
	(1916, '2022-11-13 23:51:13', '2022-11-13 23:51:13', 39, 7, 3, 66632, 110, 1),
	(1917, '2022-11-13 23:51:13', '2022-11-13 23:51:13', 39, 7, 3, 66633, 54, 1),
	(1918, '2022-11-13 23:51:13', '2022-11-13 23:51:13', 39, 7, 3, 66634, 75, 1),
	(1919, '2022-11-13 23:51:13', '2022-11-13 23:51:13', 39, 7, 3, 65931, 117, 1),
	(1920, '2022-11-13 23:51:13', '2022-11-13 23:51:13', 39, 7, 3, 65913, 161, 1),
	(1921, '2022-11-13 23:51:13', '2022-11-13 23:51:13', 39, 7, 3, 65811, 119, 1),
	(1922, '2022-11-13 23:51:13', '2022-11-13 23:51:13', 39, 7, 4, 66641, 146, 1),
	(1923, '2022-11-13 23:51:13', '2022-11-13 23:51:13', 39, 7, 4, 66642, 8, 1),
	(1924, '2022-11-13 23:51:13', '2022-11-13 23:51:13', 39, 7, 4, 66643, 96, 1),
	(1925, '2022-11-13 23:51:13', '2022-11-13 23:51:13', 39, 7, 4, 66644, 191, 1),
	(1926, '2022-11-13 23:51:13', '2022-11-13 23:51:13', 39, 7, 4, 66645, 69, 1),
	(1927, '2022-11-13 23:51:13', '2022-11-13 23:51:13', 39, 7, 4, 66842, 88, 1),
	(1928, '2022-11-13 23:51:13', '2022-11-13 23:51:13', 39, 7, 4, 65841, 97, 1),
	(1929, '2022-11-13 23:51:13', '2022-11-13 23:51:13', 39, 7, 5, 66651, 87, 1),
	(1930, '2022-11-13 23:51:13', '2022-11-13 23:51:13', 39, 7, 5, 66652, 59, 1),
	(1931, '2022-11-13 23:51:13', '2022-11-13 23:51:13', 39, 7, 5, 66653, 75, 1),
	(1932, '2022-11-13 23:51:13', '2022-11-13 23:51:13', 39, 7, 5, 66654, 63, 1),
	(1933, '2022-11-13 23:51:13', '2022-11-13 23:51:13', 39, 7, 5, 66655, 72, 1),
	(1934, '2022-11-13 23:51:13', '2022-11-13 23:51:13', 39, 7, 5, 66656, 85, 1),
	(1935, '2022-11-13 23:51:13', '2022-11-13 23:51:13', 39, 7, 5, 65851, 28, 1),
	(1936, '2022-11-13 23:51:13', '2022-11-13 23:51:13', 39, 7, 6, 66661, 120, 1),
	(1937, '2022-11-13 23:51:13', '2022-11-13 23:51:13', 39, 7, 6, 66662, 25, 1),
	(1938, '2022-11-13 23:51:13', '2022-11-13 23:51:13', 39, 7, 6, 66663, 93, 1),
	(1939, '2022-11-13 23:51:13', '2022-11-13 23:51:13', 39, 7, 6, 66664, 76, 1),
	(1940, '2022-11-13 23:51:13', '2022-11-13 23:51:13', 39, 7, 6, 66660, 91, 1),
	(1941, '2022-11-13 23:51:13', '2022-11-13 23:51:13', 39, 7, 6, 64054, 72, 1),
	(1942, '2022-11-13 23:51:13', '2022-11-13 23:51:13', 39, 7, 6, 65852, 96, 1),
	(1943, '2022-11-13 23:51:13', '2022-11-13 23:51:13', 39, 7, 7, 66671, 85, 1),
	(1944, '2022-11-13 23:51:13', '2022-11-13 23:51:13', 39, 7, 7, 66672, 14, 1),
	(1945, '2022-11-13 23:51:13', '2022-11-13 23:51:13', 39, 7, 7, 66673, 48, 1),
	(1946, '2022-11-13 23:51:13', '2022-11-13 23:51:13', 39, 7, 7, 66674, 41, 1),
	(1947, '2022-11-13 23:51:13', '2022-11-13 23:51:13', 39, 7, 7, 66675, 42, 1),
	(1948, '2022-11-13 23:51:13', '2022-11-13 23:51:13', 39, 7, 7, 66670, 1, 1),
	(1949, '2022-11-13 23:51:13', '2022-11-13 23:51:13', 39, 7, 7, 65853, 25, 1),
	(1950, '2022-11-13 23:51:13', '2022-11-13 23:51:13', 39, 7, 8, 0, 63, 1),
	(1951, '2022-11-13 23:51:13', '2022-11-13 23:51:13', 40, 7, 1, 66611, 65, 1),
	(1952, '2022-11-13 23:51:13', '2022-11-13 23:51:13', 40, 7, 1, 66712, 36, 1),
	(1953, '2022-11-13 23:51:13', '2022-11-13 23:51:13', 40, 7, 1, 65911, 73, 1),
	(1954, '2022-11-13 23:51:13', '2022-11-13 23:51:13', 40, 7, 1, 65912, 1, 1),
	(1955, '2022-11-13 23:51:13', '2022-11-13 23:51:13', 40, 7, 1, 65711, 37, 1),
	(1956, '2022-11-13 23:51:13', '2022-11-13 23:51:13', 40, 7, 1, 65712, 45, 1),
	(1957, '2022-11-13 23:51:13', '2022-11-13 23:51:13', 40, 7, 1, 65812, 17, 1),
	(1958, '2022-11-13 23:51:13', '2022-11-13 23:51:13', 40, 7, 2, 66621, 62, 1),
	(1959, '2022-11-13 23:51:13', '2022-11-13 23:51:13', 40, 7, 2, 66622, 65, 1),
	(1960, '2022-11-13 23:51:13', '2022-11-13 23:51:13', 40, 7, 2, 66623, 60, 1),
	(1961, '2022-11-13 23:51:13', '2022-11-13 23:51:13', 40, 7, 2, 66823, 164, 1),
	(1962, '2022-11-13 23:51:13', '2022-11-13 23:51:13', 40, 7, 2, 65921, 137, 1),
	(1963, '2022-11-13 23:51:13', '2022-11-13 23:51:13', 40, 7, 2, 65922, 104, 1),
	(1964, '2022-11-13 23:51:13', '2022-11-13 23:51:13', 40, 7, 2, 65722, 33, 1),
	(1965, '2022-11-13 23:51:14', '2022-11-13 23:51:14', 40, 7, 3, 66631, 140, 1),
	(1966, '2022-11-13 23:51:14', '2022-11-13 23:51:14', 40, 7, 3, 66632, 113, 1),
	(1967, '2022-11-13 23:51:14', '2022-11-13 23:51:14', 40, 7, 3, 66633, 20, 1),
	(1968, '2022-11-13 23:51:14', '2022-11-13 23:51:14', 40, 7, 3, 66634, 80, 1),
	(1969, '2022-11-13 23:51:14', '2022-11-13 23:51:14', 40, 7, 3, 65931, 58, 1),
	(1970, '2022-11-13 23:51:14', '2022-11-13 23:51:14', 40, 7, 3, 65913, 171, 1),
	(1971, '2022-11-13 23:51:14', '2022-11-13 23:51:14', 40, 7, 3, 65811, 42, 1),
	(1972, '2022-11-13 23:51:14', '2022-11-13 23:51:14', 40, 7, 4, 66641, 49, 1),
	(1973, '2022-11-13 23:51:14', '2022-11-13 23:51:14', 40, 7, 4, 66642, 40, 1),
	(1974, '2022-11-13 23:51:14', '2022-11-13 23:51:14', 40, 7, 4, 66643, 13, 1),
	(1975, '2022-11-13 23:51:14', '2022-11-13 23:51:14', 40, 7, 4, 66644, 147, 1),
	(1976, '2022-11-13 23:51:14', '2022-11-13 23:51:14', 40, 7, 4, 66645, 55, 1),
	(1977, '2022-11-13 23:51:14', '2022-11-13 23:51:14', 40, 7, 4, 66842, 160, 1),
	(1978, '2022-11-13 23:51:14', '2022-11-13 23:51:14', 40, 7, 4, 65841, 31, 1),
	(1979, '2022-11-13 23:51:14', '2022-11-13 23:51:14', 40, 7, 5, 66651, 130, 1),
	(1980, '2022-11-13 23:51:14', '2022-11-13 23:51:14', 40, 7, 5, 66652, 119, 1),
	(1981, '2022-11-13 23:51:14', '2022-11-13 23:51:14', 40, 7, 5, 66653, 72, 1),
	(1982, '2022-11-13 23:51:14', '2022-11-13 23:51:14', 40, 7, 5, 66654, 75, 1),
	(1983, '2022-11-13 23:51:14', '2022-11-13 23:51:14', 40, 7, 5, 66655, 152, 1),
	(1984, '2022-11-13 23:51:14', '2022-11-13 23:51:14', 40, 7, 5, 66656, 12, 1),
	(1985, '2022-11-13 23:51:14', '2022-11-13 23:51:14', 40, 7, 5, 65851, 31, 1),
	(1986, '2022-11-13 23:51:14', '2022-11-13 23:51:14', 40, 7, 6, 66661, 92, 1),
	(1987, '2022-11-13 23:51:14', '2022-11-13 23:51:14', 40, 7, 6, 66662, 37, 1),
	(1988, '2022-11-13 23:51:14', '2022-11-13 23:51:14', 40, 7, 6, 66663, 46, 1),
	(1989, '2022-11-13 23:51:14', '2022-11-13 23:51:14', 40, 7, 6, 66664, 104, 1),
	(1990, '2022-11-13 23:51:14', '2022-11-13 23:51:14', 40, 7, 6, 66660, 22, 1),
	(1991, '2022-11-13 23:51:14', '2022-11-13 23:51:14', 40, 7, 6, 64054, 7, 1),
	(1992, '2022-11-13 23:51:14', '2022-11-13 23:51:14', 40, 7, 6, 65852, 94, 1),
	(1993, '2022-11-13 23:51:14', '2022-11-13 23:51:14', 40, 7, 7, 66671, 15, 1),
	(1994, '2022-11-13 23:51:14', '2022-11-13 23:51:14', 40, 7, 7, 66672, 104, 1),
	(1995, '2022-11-13 23:51:14', '2022-11-13 23:51:14', 40, 7, 7, 66673, 98, 1),
	(1996, '2022-11-13 23:51:14', '2022-11-13 23:51:14', 40, 7, 7, 66674, 59, 1),
	(1997, '2022-11-13 23:51:14', '2022-11-13 23:51:14', 40, 7, 7, 66675, 100, 1),
	(1998, '2022-11-13 23:51:14', '2022-11-13 23:51:14', 40, 7, 7, 66670, 47, 1),
	(1999, '2022-11-13 23:51:14', '2022-11-13 23:51:14', 40, 7, 7, 65853, 38, 1),
	(2000, '2022-11-13 23:51:14', '2022-11-13 23:51:14', 40, 7, 8, 0, 94, 1),
	(2001, '2022-11-13 23:51:14', '2022-11-13 23:51:14', 41, 7, 1, 66611, 79, 1),
	(2002, '2022-11-13 23:51:14', '2022-11-13 23:51:14', 41, 7, 1, 66712, 192, 1),
	(2003, '2022-11-13 23:51:14', '2022-11-13 23:51:14', 41, 7, 1, 65911, 198, 1),
	(2004, '2022-11-13 23:51:14', '2022-11-13 23:51:14', 41, 7, 1, 65912, 182, 1),
	(2005, '2022-11-13 23:51:14', '2022-11-13 23:51:14', 41, 7, 1, 65711, 113, 1),
	(2006, '2022-11-13 23:51:14', '2022-11-13 23:51:14', 41, 7, 1, 65712, 4, 1),
	(2007, '2022-11-13 23:51:14', '2022-11-13 23:51:14', 41, 7, 1, 65812, 44, 1),
	(2008, '2022-11-13 23:51:14', '2022-11-13 23:51:14', 41, 7, 2, 66621, 54, 1),
	(2009, '2022-11-13 23:51:14', '2022-11-13 23:51:14', 41, 7, 2, 66622, 59, 1),
	(2010, '2022-11-13 23:51:14', '2022-11-13 23:51:14', 41, 7, 2, 66623, 55, 1),
	(2011, '2022-11-13 23:51:14', '2022-11-13 23:51:14', 41, 7, 2, 66823, 78, 1),
	(2012, '2022-11-13 23:51:14', '2022-11-13 23:51:14', 41, 7, 2, 65921, 111, 1),
	(2013, '2022-11-13 23:51:14', '2022-11-13 23:51:14', 41, 7, 2, 65922, 138, 1),
	(2014, '2022-11-13 23:51:14', '2022-11-13 23:51:14', 41, 7, 2, 65722, 33, 1),
	(2015, '2022-11-13 23:51:14', '2022-11-13 23:51:14', 41, 7, 3, 66631, 41, 1),
	(2016, '2022-11-13 23:51:14', '2022-11-13 23:51:14', 41, 7, 3, 66632, 133, 1),
	(2017, '2022-11-13 23:51:14', '2022-11-13 23:51:14', 41, 7, 3, 66633, 2, 1),
	(2018, '2022-11-13 23:51:14', '2022-11-13 23:51:14', 41, 7, 3, 66634, 28, 1),
	(2019, '2022-11-13 23:51:14', '2022-11-13 23:51:14', 41, 7, 3, 65931, 49, 1),
	(2020, '2022-11-13 23:51:14', '2022-11-13 23:51:14', 41, 7, 3, 65913, 22, 1),
	(2021, '2022-11-13 23:51:14', '2022-11-13 23:51:14', 41, 7, 3, 65811, 26, 1),
	(2022, '2022-11-13 23:51:14', '2022-11-13 23:51:14', 41, 7, 4, 66641, 24, 1),
	(2023, '2022-11-13 23:51:14', '2022-11-13 23:51:14', 41, 7, 4, 66642, 91, 1),
	(2024, '2022-11-13 23:51:14', '2022-11-13 23:51:14', 41, 7, 4, 66643, 31, 1),
	(2025, '2022-11-13 23:51:14', '2022-11-13 23:51:14', 41, 7, 4, 66644, 169, 1),
	(2026, '2022-11-13 23:51:14', '2022-11-13 23:51:14', 41, 7, 4, 66645, 79, 1),
	(2027, '2022-11-13 23:51:14', '2022-11-13 23:51:14', 41, 7, 4, 66842, 145, 1),
	(2028, '2022-11-13 23:51:14', '2022-11-13 23:51:14', 41, 7, 4, 65841, 51, 1),
	(2029, '2022-11-13 23:51:14', '2022-11-13 23:51:14', 41, 7, 5, 66651, 140, 1),
	(2030, '2022-11-13 23:51:14', '2022-11-13 23:51:14', 41, 7, 5, 66652, 146, 1),
	(2031, '2022-11-13 23:51:14', '2022-11-13 23:51:14', 41, 7, 5, 66653, 65, 1),
	(2032, '2022-11-13 23:51:14', '2022-11-13 23:51:14', 41, 7, 5, 66654, 10, 1),
	(2033, '2022-11-13 23:51:14', '2022-11-13 23:51:14', 41, 7, 5, 66655, 44, 1),
	(2034, '2022-11-13 23:51:14', '2022-11-13 23:51:14', 41, 7, 5, 66656, 57, 1),
	(2035, '2022-11-13 23:51:14', '2022-11-13 23:51:14', 41, 7, 5, 65851, 127, 1),
	(2036, '2022-11-13 23:51:14', '2022-11-13 23:51:14', 41, 7, 6, 66661, 113, 1),
	(2037, '2022-11-13 23:51:14', '2022-11-13 23:51:14', 41, 7, 6, 66662, 142, 1),
	(2038, '2022-11-13 23:51:14', '2022-11-13 23:51:14', 41, 7, 6, 66663, 13, 1),
	(2039, '2022-11-13 23:51:14', '2022-11-13 23:51:14', 41, 7, 6, 66664, 82, 1),
	(2040, '2022-11-13 23:51:14', '2022-11-13 23:51:14', 41, 7, 6, 66660, 59, 1),
	(2041, '2022-11-13 23:51:14', '2022-11-13 23:51:14', 41, 7, 6, 64054, 98, 1),
	(2042, '2022-11-13 23:51:14', '2022-11-13 23:51:14', 41, 7, 6, 65852, 6, 1),
	(2043, '2022-11-13 23:51:14', '2022-11-13 23:51:14', 41, 7, 7, 66671, 78, 1),
	(2044, '2022-11-13 23:51:14', '2022-11-13 23:51:14', 41, 7, 7, 66672, 139, 1),
	(2045, '2022-11-13 23:51:14', '2022-11-13 23:51:14', 41, 7, 7, 66673, 69, 1),
	(2046, '2022-11-13 23:51:14', '2022-11-13 23:51:14', 41, 7, 7, 66674, 174, 1),
	(2047, '2022-11-13 23:51:14', '2022-11-13 23:51:14', 41, 7, 7, 66675, 15, 1),
	(2048, '2022-11-13 23:51:14', '2022-11-13 23:51:14', 41, 7, 7, 66670, 130, 1),
	(2049, '2022-11-13 23:51:14', '2022-11-13 23:51:14', 41, 7, 7, 65853, 76, 1),
	(2050, '2022-11-13 23:51:14', '2022-11-13 23:51:14', 41, 7, 8, 0, 45, 1),
	(2051, '2022-11-13 23:51:14', '2022-11-13 23:51:14', 42, 7, 1, 66611, 18, 1),
	(2052, '2022-11-13 23:51:14', '2022-11-13 23:51:14', 42, 7, 1, 66712, 1, 1),
	(2053, '2022-11-13 23:51:14', '2022-11-13 23:51:14', 42, 7, 1, 65911, 154, 1),
	(2054, '2022-11-13 23:51:14', '2022-11-13 23:51:14', 42, 7, 1, 65912, 49, 1),
	(2055, '2022-11-13 23:51:14', '2022-11-13 23:51:14', 42, 7, 1, 65711, 129, 1),
	(2056, '2022-11-13 23:51:14', '2022-11-13 23:51:14', 42, 7, 1, 65712, 60, 1),
	(2057, '2022-11-13 23:51:14', '2022-11-13 23:51:14', 42, 7, 1, 65812, 30, 1),
	(2058, '2022-11-13 23:51:14', '2022-11-13 23:51:14', 42, 7, 2, 66621, 88, 1),
	(2059, '2022-11-13 23:51:14', '2022-11-13 23:51:14', 42, 7, 2, 66622, 12, 1),
	(2060, '2022-11-13 23:51:14', '2022-11-13 23:51:14', 42, 7, 2, 66623, 4, 1),
	(2061, '2022-11-13 23:51:14', '2022-11-13 23:51:14', 42, 7, 2, 66823, 83, 1),
	(2062, '2022-11-13 23:51:14', '2022-11-13 23:51:14', 42, 7, 2, 65921, 18, 1),
	(2063, '2022-11-13 23:51:14', '2022-11-13 23:51:14', 42, 7, 2, 65922, 59, 1),
	(2064, '2022-11-13 23:51:14', '2022-11-13 23:51:14', 42, 7, 2, 65722, 24, 1),
	(2065, '2022-11-13 23:51:14', '2022-11-13 23:51:14', 42, 7, 3, 66631, 109, 1),
	(2066, '2022-11-13 23:51:14', '2022-11-13 23:51:14', 42, 7, 3, 66632, 26, 1),
	(2067, '2022-11-13 23:51:14', '2022-11-13 23:51:14', 42, 7, 3, 66633, 40, 1),
	(2068, '2022-11-13 23:51:14', '2022-11-13 23:51:14', 42, 7, 3, 66634, 63, 1),
	(2069, '2022-11-13 23:51:14', '2022-11-13 23:51:14', 42, 7, 3, 65931, 167, 1),
	(2070, '2022-11-13 23:51:14', '2022-11-13 23:51:14', 42, 7, 3, 65913, 54, 1),
	(2071, '2022-11-13 23:51:14', '2022-11-13 23:51:14', 42, 7, 3, 65811, 0, 1),
	(2072, '2022-11-13 23:51:14', '2022-11-13 23:51:14', 42, 7, 4, 66641, 70, 1),
	(2073, '2022-11-13 23:51:14', '2022-11-13 23:51:14', 42, 7, 4, 66642, 4, 1),
	(2074, '2022-11-13 23:51:14', '2022-11-13 23:51:14', 42, 7, 4, 66643, 13, 1),
	(2075, '2022-11-13 23:51:14', '2022-11-13 23:51:14', 42, 7, 4, 66644, 163, 1),
	(2076, '2022-11-13 23:51:14', '2022-11-13 23:51:14', 42, 7, 4, 66645, 62, 1),
	(2077, '2022-11-13 23:51:14', '2022-11-13 23:51:14', 42, 7, 4, 66842, 7, 1),
	(2078, '2022-11-13 23:51:14', '2022-11-13 23:51:14', 42, 7, 4, 65841, 33, 1),
	(2079, '2022-11-13 23:51:14', '2022-11-13 23:51:14', 42, 7, 5, 66651, 17, 1),
	(2080, '2022-11-13 23:51:14', '2022-11-13 23:51:14', 42, 7, 5, 66652, 144, 1),
	(2081, '2022-11-13 23:51:14', '2022-11-13 23:51:14', 42, 7, 5, 66653, 142, 1),
	(2082, '2022-11-13 23:51:14', '2022-11-13 23:51:14', 42, 7, 5, 66654, 41, 1),
	(2083, '2022-11-13 23:51:14', '2022-11-13 23:51:14', 42, 7, 5, 66655, 123, 1),
	(2084, '2022-11-13 23:51:14', '2022-11-13 23:51:14', 42, 7, 5, 66656, 8, 1),
	(2085, '2022-11-13 23:51:14', '2022-11-13 23:51:14', 42, 7, 5, 65851, 113, 1),
	(2086, '2022-11-13 23:51:14', '2022-11-13 23:51:14', 42, 7, 6, 66661, 128, 1),
	(2087, '2022-11-13 23:51:14', '2022-11-13 23:51:14', 42, 7, 6, 66662, 52, 1),
	(2088, '2022-11-13 23:51:14', '2022-11-13 23:51:14', 42, 7, 6, 66663, 51, 1),
	(2089, '2022-11-13 23:51:14', '2022-11-13 23:51:14', 42, 7, 6, 66664, 143, 1),
	(2090, '2022-11-13 23:51:14', '2022-11-13 23:51:14', 42, 7, 6, 66660, 100, 1),
	(2091, '2022-11-13 23:51:14', '2022-11-13 23:51:14', 42, 7, 6, 64054, 9, 1),
	(2092, '2022-11-13 23:51:14', '2022-11-13 23:51:14', 42, 7, 6, 65852, 85, 1),
	(2093, '2022-11-13 23:51:14', '2022-11-13 23:51:14', 42, 7, 7, 66671, 10, 1),
	(2094, '2022-11-13 23:51:14', '2022-11-13 23:51:14', 42, 7, 7, 66672, 190, 1),
	(2095, '2022-11-13 23:51:14', '2022-11-13 23:51:14', 42, 7, 7, 66673, 83, 1),
	(2096, '2022-11-13 23:51:14', '2022-11-13 23:51:14', 42, 7, 7, 66674, 3, 1),
	(2097, '2022-11-13 23:51:14', '2022-11-13 23:51:14', 42, 7, 7, 66675, 23, 1),
	(2098, '2022-11-13 23:51:14', '2022-11-13 23:51:14', 42, 7, 7, 66670, 67, 1),
	(2099, '2022-11-13 23:51:14', '2022-11-13 23:51:14', 42, 7, 7, 65853, 31, 1),
	(2100, '2022-11-13 23:51:14', '2022-11-13 23:51:14', 42, 7, 8, 0, 11, 1),
	(2101, '2022-11-13 23:51:14', '2022-11-13 23:51:14', 43, 7, 1, 66611, 22, 1),
	(2102, '2022-11-13 23:51:14', '2022-11-13 23:51:14', 43, 7, 1, 66712, 140, 1),
	(2103, '2022-11-13 23:51:14', '2022-11-13 23:51:14', 43, 7, 1, 65911, 112, 1),
	(2104, '2022-11-13 23:51:14', '2022-11-13 23:51:14', 43, 7, 1, 65912, 41, 1),
	(2105, '2022-11-13 23:51:14', '2022-11-13 23:51:14', 43, 7, 1, 65711, 17, 1),
	(2106, '2022-11-13 23:51:14', '2022-11-13 23:51:14', 43, 7, 1, 65712, 19, 1),
	(2107, '2022-11-13 23:51:14', '2022-11-13 23:51:14', 43, 7, 1, 65812, 16, 1),
	(2108, '2022-11-13 23:51:14', '2022-11-13 23:51:14', 43, 7, 2, 66621, 1, 1),
	(2109, '2022-11-13 23:51:14', '2022-11-13 23:51:14', 43, 7, 2, 66622, 97, 1),
	(2110, '2022-11-13 23:51:15', '2022-11-13 23:51:15', 43, 7, 2, 66623, 73, 1),
	(2111, '2022-11-13 23:51:15', '2022-11-13 23:51:15', 43, 7, 2, 66823, 64, 1),
	(2112, '2022-11-13 23:51:15', '2022-11-13 23:51:15', 43, 7, 2, 65921, 153, 1),
	(2113, '2022-11-13 23:51:15', '2022-11-13 23:51:15', 43, 7, 2, 65922, 101, 1),
	(2114, '2022-11-13 23:51:15', '2022-11-13 23:51:15', 43, 7, 2, 65722, 41, 1),
	(2115, '2022-11-13 23:51:15', '2022-11-13 23:51:15', 43, 7, 3, 66631, 93, 1),
	(2116, '2022-11-13 23:51:15', '2022-11-13 23:51:15', 43, 7, 3, 66632, 33, 1),
	(2117, '2022-11-13 23:51:15', '2022-11-13 23:51:15', 43, 7, 3, 66633, 77, 1),
	(2118, '2022-11-13 23:51:15', '2022-11-13 23:51:15', 43, 7, 3, 66634, 69, 1),
	(2119, '2022-11-13 23:51:15', '2022-11-13 23:51:15', 43, 7, 3, 65931, 155, 1),
	(2120, '2022-11-13 23:51:15', '2022-11-13 23:51:15', 43, 7, 3, 65913, 23, 1),
	(2121, '2022-11-13 23:51:15', '2022-11-13 23:51:15', 43, 7, 3, 65811, 63, 1),
	(2122, '2022-11-13 23:51:15', '2022-11-13 23:51:15', 43, 7, 4, 66641, 80, 1),
	(2123, '2022-11-13 23:51:15', '2022-11-13 23:51:15', 43, 7, 4, 66642, 133, 1),
	(2124, '2022-11-13 23:51:15', '2022-11-13 23:51:15', 43, 7, 4, 66643, 57, 1),
	(2125, '2022-11-13 23:51:15', '2022-11-13 23:51:15', 43, 7, 4, 66644, 15, 1),
	(2126, '2022-11-13 23:51:15', '2022-11-13 23:51:15', 43, 7, 4, 66645, 121, 1),
	(2127, '2022-11-13 23:51:15', '2022-11-13 23:51:15', 43, 7, 4, 66842, 170, 1),
	(2128, '2022-11-13 23:51:15', '2022-11-13 23:51:15', 43, 7, 4, 65841, 18, 1),
	(2129, '2022-11-13 23:51:15', '2022-11-13 23:51:15', 43, 7, 5, 66651, 12, 1),
	(2130, '2022-11-13 23:51:15', '2022-11-13 23:51:15', 43, 7, 5, 66652, 11, 1),
	(2131, '2022-11-13 23:51:15', '2022-11-13 23:51:15', 43, 7, 5, 66653, 65, 1),
	(2132, '2022-11-13 23:51:15', '2022-11-13 23:51:15', 43, 7, 5, 66654, 91, 1),
	(2133, '2022-11-13 23:51:15', '2022-11-13 23:51:15', 43, 7, 5, 66655, 104, 1),
	(2134, '2022-11-13 23:51:15', '2022-11-13 23:51:15', 43, 7, 5, 66656, 38, 1),
	(2135, '2022-11-13 23:51:15', '2022-11-13 23:51:15', 43, 7, 5, 65851, 115, 1),
	(2136, '2022-11-13 23:51:15', '2022-11-13 23:51:15', 43, 7, 6, 66661, 152, 1),
	(2137, '2022-11-13 23:51:15', '2022-11-13 23:51:15', 43, 7, 6, 66662, 24, 1),
	(2138, '2022-11-13 23:51:15', '2022-11-13 23:51:15', 43, 7, 6, 66663, 37, 1),
	(2139, '2022-11-13 23:51:15', '2022-11-13 23:51:15', 43, 7, 6, 66664, 79, 1),
	(2140, '2022-11-13 23:51:15', '2022-11-13 23:51:15', 43, 7, 6, 66660, 108, 1),
	(2141, '2022-11-13 23:51:15', '2022-11-13 23:51:15', 43, 7, 6, 64054, 40, 1),
	(2142, '2022-11-13 23:51:15', '2022-11-13 23:51:15', 43, 7, 6, 65852, 45, 1),
	(2143, '2022-11-13 23:51:15', '2022-11-13 23:51:15', 43, 7, 7, 66671, 108, 1),
	(2144, '2022-11-13 23:51:15', '2022-11-13 23:51:15', 43, 7, 7, 66672, 93, 1),
	(2145, '2022-11-13 23:51:15', '2022-11-13 23:51:15', 43, 7, 7, 66673, 99, 1),
	(2146, '2022-11-13 23:51:15', '2022-11-13 23:51:15', 43, 7, 7, 66674, 173, 1),
	(2147, '2022-11-13 23:51:15', '2022-11-13 23:51:15', 43, 7, 7, 66675, 89, 1),
	(2148, '2022-11-13 23:51:15', '2022-11-13 23:51:15', 43, 7, 7, 66670, 138, 1),
	(2149, '2022-11-13 23:51:15', '2022-11-13 23:51:15', 43, 7, 7, 65853, 51, 1),
	(2150, '2022-11-13 23:51:15', '2022-11-13 23:51:15', 43, 7, 8, 0, 40, 1),
	(2151, '2022-11-13 23:51:15', '2022-11-13 23:51:15', 44, 7, 1, 66611, 23, 1),
	(2152, '2022-11-13 23:51:15', '2022-11-13 23:51:15', 44, 7, 1, 66712, 194, 1),
	(2153, '2022-11-13 23:51:15', '2022-11-13 23:51:15', 44, 7, 1, 65911, 130, 1),
	(2154, '2022-11-13 23:51:15', '2022-11-13 23:51:15', 44, 7, 1, 65912, 165, 1),
	(2155, '2022-11-13 23:51:15', '2022-11-13 23:51:15', 44, 7, 1, 65711, 178, 1),
	(2156, '2022-11-13 23:51:15', '2022-11-13 23:51:15', 44, 7, 1, 65712, 36, 1),
	(2157, '2022-11-13 23:51:15', '2022-11-13 23:51:15', 44, 7, 1, 65812, 47, 1),
	(2158, '2022-11-13 23:51:15', '2022-11-13 23:51:15', 44, 7, 2, 66621, 30, 1),
	(2159, '2022-11-13 23:51:15', '2022-11-13 23:51:15', 44, 7, 2, 66622, 16, 1),
	(2160, '2022-11-13 23:51:15', '2022-11-13 23:51:15', 44, 7, 2, 66623, 47, 1),
	(2161, '2022-11-13 23:51:15', '2022-11-13 23:51:15', 44, 7, 2, 66823, 137, 1),
	(2162, '2022-11-13 23:51:15', '2022-11-13 23:51:15', 44, 7, 2, 65921, 118, 1),
	(2163, '2022-11-13 23:51:15', '2022-11-13 23:51:15', 44, 7, 2, 65922, 165, 1),
	(2164, '2022-11-13 23:51:15', '2022-11-13 23:51:15', 44, 7, 2, 65722, 81, 1),
	(2165, '2022-11-13 23:51:15', '2022-11-13 23:51:15', 44, 7, 3, 66631, 63, 1),
	(2166, '2022-11-13 23:51:15', '2022-11-13 23:51:15', 44, 7, 3, 66632, 108, 1),
	(2167, '2022-11-13 23:51:15', '2022-11-13 23:51:15', 44, 7, 3, 66633, 69, 1),
	(2168, '2022-11-13 23:51:15', '2022-11-13 23:51:15', 44, 7, 3, 66634, 39, 1),
	(2169, '2022-11-13 23:51:15', '2022-11-13 23:51:15', 44, 7, 3, 65931, 36, 1),
	(2170, '2022-11-13 23:51:15', '2022-11-13 23:51:15', 44, 7, 3, 65913, 106, 1),
	(2171, '2022-11-13 23:51:15', '2022-11-13 23:51:15', 44, 7, 3, 65811, 43, 1),
	(2172, '2022-11-13 23:51:15', '2022-11-13 23:51:15', 44, 7, 4, 66641, 76, 1),
	(2173, '2022-11-13 23:51:15', '2022-11-13 23:51:15', 44, 7, 4, 66642, 114, 1),
	(2174, '2022-11-13 23:51:15', '2022-11-13 23:51:15', 44, 7, 4, 66643, 83, 1),
	(2175, '2022-11-13 23:51:15', '2022-11-13 23:51:15', 44, 7, 4, 66644, 62, 1),
	(2176, '2022-11-13 23:51:15', '2022-11-13 23:51:15', 44, 7, 4, 66645, 121, 1),
	(2177, '2022-11-13 23:51:15', '2022-11-13 23:51:15', 44, 7, 4, 66842, 58, 1),
	(2178, '2022-11-13 23:51:15', '2022-11-13 23:51:15', 44, 7, 4, 65841, 7, 1),
	(2179, '2022-11-13 23:51:15', '2022-11-13 23:51:15', 44, 7, 5, 66651, 52, 1),
	(2180, '2022-11-13 23:51:15', '2022-11-13 23:51:15', 44, 7, 5, 66652, 30, 1),
	(2181, '2022-11-13 23:51:15', '2022-11-13 23:51:15', 44, 7, 5, 66653, 13, 1),
	(2182, '2022-11-13 23:51:15', '2022-11-13 23:51:15', 44, 7, 5, 66654, 65, 1),
	(2183, '2022-11-13 23:51:15', '2022-11-13 23:51:15', 44, 7, 5, 66655, 136, 1),
	(2184, '2022-11-13 23:51:15', '2022-11-13 23:51:15', 44, 7, 5, 66656, 48, 1),
	(2185, '2022-11-13 23:51:15', '2022-11-13 23:51:15', 44, 7, 5, 65851, 53, 1),
	(2186, '2022-11-13 23:51:15', '2022-11-13 23:51:15', 44, 7, 6, 66661, 71, 1),
	(2187, '2022-11-13 23:51:15', '2022-11-13 23:51:15', 44, 7, 6, 66662, 92, 1),
	(2188, '2022-11-13 23:51:15', '2022-11-13 23:51:15', 44, 7, 6, 66663, 3, 1),
	(2189, '2022-11-13 23:51:15', '2022-11-13 23:51:15', 44, 7, 6, 66664, 144, 1),
	(2190, '2022-11-13 23:51:15', '2022-11-13 23:51:15', 44, 7, 6, 66660, 119, 1),
	(2191, '2022-11-13 23:51:15', '2022-11-13 23:51:15', 44, 7, 6, 64054, 39, 1),
	(2192, '2022-11-13 23:51:15', '2022-11-13 23:51:15', 44, 7, 6, 65852, 64, 1),
	(2193, '2022-11-13 23:51:15', '2022-11-13 23:51:15', 44, 7, 7, 66671, 63, 1),
	(2194, '2022-11-13 23:51:15', '2022-11-13 23:51:15', 44, 7, 7, 66672, 194, 1),
	(2195, '2022-11-13 23:51:15', '2022-11-13 23:51:15', 44, 7, 7, 66673, 80, 1),
	(2196, '2022-11-13 23:51:15', '2022-11-13 23:51:15', 44, 7, 7, 66674, 143, 1),
	(2197, '2022-11-13 23:51:15', '2022-11-13 23:51:15', 44, 7, 7, 66675, 30, 1),
	(2198, '2022-11-13 23:51:15', '2022-11-13 23:51:15', 44, 7, 7, 66670, 113, 1),
	(2199, '2022-11-13 23:51:15', '2022-11-13 23:51:15', 44, 7, 7, 65853, 74, 1),
	(2200, '2022-11-13 23:51:15', '2022-11-13 23:51:15', 44, 7, 8, 0, 41, 1),
	(2201, '2022-11-13 23:51:15', '2022-11-13 23:51:15', 45, 7, 1, 66611, 96, 1),
	(2202, '2022-11-13 23:51:15', '2022-11-13 23:51:15', 45, 7, 1, 66712, 95, 1),
	(2203, '2022-11-13 23:51:15', '2022-11-13 23:51:15', 45, 7, 1, 65911, 144, 1),
	(2204, '2022-11-13 23:51:15', '2022-11-13 23:51:15', 45, 7, 1, 65912, 141, 1),
	(2205, '2022-11-13 23:51:15', '2022-11-13 23:51:15', 45, 7, 1, 65711, 161, 1),
	(2206, '2022-11-13 23:51:15', '2022-11-13 23:51:15', 45, 7, 1, 65712, 33, 1),
	(2207, '2022-11-13 23:51:15', '2022-11-13 23:51:15', 45, 7, 1, 65812, 5, 1),
	(2208, '2022-11-13 23:51:15', '2022-11-13 23:51:15', 45, 7, 2, 66621, 74, 1),
	(2209, '2022-11-13 23:51:15', '2022-11-13 23:51:15', 45, 7, 2, 66622, 25, 1),
	(2210, '2022-11-13 23:51:15', '2022-11-13 23:51:15', 45, 7, 2, 66623, 59, 1),
	(2211, '2022-11-13 23:51:15', '2022-11-13 23:51:15', 45, 7, 2, 66823, 136, 1),
	(2212, '2022-11-13 23:51:15', '2022-11-13 23:51:15', 45, 7, 2, 65921, 119, 1),
	(2213, '2022-11-13 23:51:15', '2022-11-13 23:51:15', 45, 7, 2, 65922, 61, 1),
	(2214, '2022-11-13 23:51:15', '2022-11-13 23:51:15', 45, 7, 2, 65722, 65, 1),
	(2215, '2022-11-13 23:51:15', '2022-11-13 23:51:15', 45, 7, 3, 66631, 140, 1),
	(2216, '2022-11-13 23:51:15', '2022-11-13 23:51:15', 45, 7, 3, 66632, 88, 1),
	(2217, '2022-11-13 23:51:15', '2022-11-13 23:51:15', 45, 7, 3, 66633, 20, 1),
	(2218, '2022-11-13 23:51:15', '2022-11-13 23:51:15', 45, 7, 3, 66634, 32, 1),
	(2219, '2022-11-13 23:51:15', '2022-11-13 23:51:15', 45, 7, 3, 65931, 175, 1),
	(2220, '2022-11-13 23:51:15', '2022-11-13 23:51:15', 45, 7, 3, 65913, 184, 1),
	(2221, '2022-11-13 23:51:15', '2022-11-13 23:51:15', 45, 7, 3, 65811, 71, 1),
	(2222, '2022-11-13 23:51:15', '2022-11-13 23:51:15', 45, 7, 4, 66641, 85, 1),
	(2223, '2022-11-13 23:51:15', '2022-11-13 23:51:15', 45, 7, 4, 66642, 45, 1),
	(2224, '2022-11-13 23:51:15', '2022-11-13 23:51:15', 45, 7, 4, 66643, 54, 1),
	(2225, '2022-11-13 23:51:15', '2022-11-13 23:51:15', 45, 7, 4, 66644, 70, 1),
	(2226, '2022-11-13 23:51:15', '2022-11-13 23:51:15', 45, 7, 4, 66645, 130, 1),
	(2227, '2022-11-13 23:51:15', '2022-11-13 23:51:15', 45, 7, 4, 66842, 30, 1),
	(2228, '2022-11-13 23:51:15', '2022-11-13 23:51:15', 45, 7, 4, 65841, 30, 1),
	(2229, '2022-11-13 23:51:15', '2022-11-13 23:51:15', 45, 7, 5, 66651, 127, 1),
	(2230, '2022-11-13 23:51:15', '2022-11-13 23:51:15', 45, 7, 5, 66652, 67, 1),
	(2231, '2022-11-13 23:51:15', '2022-11-13 23:51:15', 45, 7, 5, 66653, 3, 1),
	(2232, '2022-11-13 23:51:15', '2022-11-13 23:51:15', 45, 7, 5, 66654, 84, 1),
	(2233, '2022-11-13 23:51:15', '2022-11-13 23:51:15', 45, 7, 5, 66655, 142, 1),
	(2234, '2022-11-13 23:51:15', '2022-11-13 23:51:15', 45, 7, 5, 66656, 0, 1),
	(2235, '2022-11-13 23:51:15', '2022-11-13 23:51:15', 45, 7, 5, 65851, 130, 1),
	(2236, '2022-11-13 23:51:15', '2022-11-13 23:51:15', 45, 7, 6, 66661, 13, 1),
	(2237, '2022-11-13 23:51:15', '2022-11-13 23:51:15', 45, 7, 6, 66662, 78, 1),
	(2238, '2022-11-13 23:51:15', '2022-11-13 23:51:15', 45, 7, 6, 66663, 2, 1),
	(2239, '2022-11-13 23:51:15', '2022-11-13 23:51:15', 45, 7, 6, 66664, 147, 1),
	(2240, '2022-11-13 23:51:15', '2022-11-13 23:51:15', 45, 7, 6, 66660, 47, 1),
	(2241, '2022-11-13 23:51:15', '2022-11-13 23:51:15', 45, 7, 6, 64054, 47, 1),
	(2242, '2022-11-13 23:51:15', '2022-11-13 23:51:15', 45, 7, 6, 65852, 86, 1),
	(2243, '2022-11-13 23:51:15', '2022-11-13 23:51:15', 45, 7, 7, 66671, 93, 1),
	(2244, '2022-11-13 23:51:15', '2022-11-13 23:51:15', 45, 7, 7, 66672, 65, 1),
	(2245, '2022-11-13 23:51:15', '2022-11-13 23:51:15', 45, 7, 7, 66673, 16, 1),
	(2246, '2022-11-13 23:51:15', '2022-11-13 23:51:15', 45, 7, 7, 66674, 86, 1),
	(2247, '2022-11-13 23:51:15', '2022-11-13 23:51:15', 45, 7, 7, 66675, 16, 1),
	(2248, '2022-11-13 23:51:15', '2022-11-13 23:51:15', 45, 7, 7, 66670, 95, 1),
	(2249, '2022-11-13 23:51:15', '2022-11-13 23:51:15', 45, 7, 7, 65853, 59, 1),
	(2250, '2022-11-13 23:51:15', '2022-11-13 23:51:15', 45, 7, 8, 0, 51, 1),
	(2251, '2022-11-13 23:51:15', '2022-11-13 23:51:15', 46, 7, 1, 66611, 85, 1),
	(2252, '2022-11-13 23:51:15', '2022-11-13 23:51:15', 46, 7, 1, 66712, 169, 1),
	(2253, '2022-11-13 23:51:15', '2022-11-13 23:51:15', 46, 7, 1, 65911, 138, 1),
	(2254, '2022-11-13 23:51:15', '2022-11-13 23:51:15', 46, 7, 1, 65912, 57, 1),
	(2255, '2022-11-13 23:51:15', '2022-11-13 23:51:15', 46, 7, 1, 65711, 200, 1),
	(2256, '2022-11-13 23:51:15', '2022-11-13 23:51:15', 46, 7, 1, 65712, 33, 1),
	(2257, '2022-11-13 23:51:16', '2022-11-13 23:51:16', 46, 7, 1, 65812, 30, 1),
	(2258, '2022-11-13 23:51:16', '2022-11-13 23:51:16', 46, 7, 2, 66621, 12, 1),
	(2259, '2022-11-13 23:51:16', '2022-11-13 23:51:16', 46, 7, 2, 66622, 81, 1),
	(2260, '2022-11-13 23:51:16', '2022-11-13 23:51:16', 46, 7, 2, 66623, 98, 1),
	(2261, '2022-11-13 23:51:16', '2022-11-13 23:51:16', 46, 7, 2, 66823, 94, 1),
	(2262, '2022-11-13 23:51:16', '2022-11-13 23:51:16', 46, 7, 2, 65921, 21, 1),
	(2263, '2022-11-13 23:51:16', '2022-11-13 23:51:16', 46, 7, 2, 65922, 2, 1),
	(2264, '2022-11-13 23:51:16', '2022-11-13 23:51:16', 46, 7, 2, 65722, 5, 1),
	(2265, '2022-11-13 23:51:16', '2022-11-13 23:51:16', 46, 7, 3, 66631, 53, 1),
	(2266, '2022-11-13 23:51:16', '2022-11-13 23:51:16', 46, 7, 3, 66632, 144, 1),
	(2267, '2022-11-13 23:51:16', '2022-11-13 23:51:16', 46, 7, 3, 66633, 35, 1),
	(2268, '2022-11-13 23:51:16', '2022-11-13 23:51:16', 46, 7, 3, 66634, 28, 1),
	(2269, '2022-11-13 23:51:16', '2022-11-13 23:51:16', 46, 7, 3, 65931, 36, 1),
	(2270, '2022-11-13 23:51:16', '2022-11-13 23:51:16', 46, 7, 3, 65913, 116, 1),
	(2271, '2022-11-13 23:51:16', '2022-11-13 23:51:16', 46, 7, 3, 65811, 137, 1),
	(2272, '2022-11-13 23:51:16', '2022-11-13 23:51:16', 46, 7, 4, 66641, 102, 1),
	(2273, '2022-11-13 23:51:16', '2022-11-13 23:51:16', 46, 7, 4, 66642, 111, 1),
	(2274, '2022-11-13 23:51:16', '2022-11-13 23:51:16', 46, 7, 4, 66643, 93, 1),
	(2275, '2022-11-13 23:51:16', '2022-11-13 23:51:16', 46, 7, 4, 66644, 110, 1),
	(2276, '2022-11-13 23:51:16', '2022-11-13 23:51:16', 46, 7, 4, 66645, 96, 1),
	(2277, '2022-11-13 23:51:16', '2022-11-13 23:51:16', 46, 7, 4, 66842, 174, 1),
	(2278, '2022-11-13 23:51:16', '2022-11-13 23:51:16', 46, 7, 4, 65841, 100, 1),
	(2279, '2022-11-13 23:51:16', '2022-11-13 23:51:16', 46, 7, 5, 66651, 63, 1),
	(2280, '2022-11-13 23:51:16', '2022-11-13 23:51:16', 46, 7, 5, 66652, 86, 1),
	(2281, '2022-11-13 23:51:16', '2022-11-13 23:51:16', 46, 7, 5, 66653, 127, 1),
	(2282, '2022-11-13 23:51:16', '2022-11-13 23:51:16', 46, 7, 5, 66654, 94, 1),
	(2283, '2022-11-13 23:51:16', '2022-11-13 23:51:16', 46, 7, 5, 66655, 13, 1),
	(2284, '2022-11-13 23:51:16', '2022-11-13 23:51:16', 46, 7, 5, 66656, 92, 1),
	(2285, '2022-11-13 23:51:16', '2022-11-13 23:51:16', 46, 7, 5, 65851, 129, 1),
	(2286, '2022-11-13 23:51:16', '2022-11-13 23:51:16', 46, 7, 6, 66661, 58, 1),
	(2287, '2022-11-13 23:51:16', '2022-11-13 23:51:16', 46, 7, 6, 66662, 131, 1),
	(2288, '2022-11-13 23:51:16', '2022-11-13 23:51:16', 46, 7, 6, 66663, 97, 1),
	(2289, '2022-11-13 23:51:16', '2022-11-13 23:51:16', 46, 7, 6, 66664, 26, 1),
	(2290, '2022-11-13 23:51:16', '2022-11-13 23:51:16', 46, 7, 6, 66660, 0, 1),
	(2291, '2022-11-13 23:51:16', '2022-11-13 23:51:16', 46, 7, 6, 64054, 52, 1),
	(2292, '2022-11-13 23:51:16', '2022-11-13 23:51:16', 46, 7, 6, 65852, 36, 1),
	(2293, '2022-11-13 23:51:16', '2022-11-13 23:51:16', 46, 7, 7, 66671, 126, 1),
	(2294, '2022-11-13 23:51:16', '2022-11-13 23:51:16', 46, 7, 7, 66672, 126, 1),
	(2295, '2022-11-13 23:51:16', '2022-11-13 23:51:16', 46, 7, 7, 66673, 61, 1),
	(2296, '2022-11-13 23:51:16', '2022-11-13 23:51:16', 46, 7, 7, 66674, 176, 1),
	(2297, '2022-11-13 23:51:16', '2022-11-13 23:51:16', 46, 7, 7, 66675, 96, 1),
	(2298, '2022-11-13 23:51:16', '2022-11-13 23:51:16', 46, 7, 7, 66670, 20, 1),
	(2299, '2022-11-13 23:51:16', '2022-11-13 23:51:16', 46, 7, 7, 65853, 88, 1),
	(2300, '2022-11-13 23:51:16', '2022-11-13 23:51:16', 46, 7, 8, 0, 51, 1),
	(2301, '2022-11-13 23:51:16', '2022-11-13 23:51:16', 47, 7, 1, 66611, 63, 1),
	(2302, '2022-11-13 23:51:16', '2022-11-13 23:51:16', 47, 7, 1, 66712, 196, 1),
	(2303, '2022-11-13 23:51:16', '2022-11-13 23:51:16', 47, 7, 1, 65911, 98, 1),
	(2304, '2022-11-13 23:51:16', '2022-11-13 23:51:16', 47, 7, 1, 65912, 170, 1),
	(2305, '2022-11-13 23:51:16', '2022-11-13 23:51:16', 47, 7, 1, 65711, 129, 1),
	(2306, '2022-11-13 23:51:16', '2022-11-13 23:51:16', 47, 7, 1, 65712, 29, 1),
	(2307, '2022-11-13 23:51:16', '2022-11-13 23:51:16', 47, 7, 1, 65812, 18, 1),
	(2308, '2022-11-13 23:51:16', '2022-11-13 23:51:16', 47, 7, 2, 66621, 17, 1),
	(2309, '2022-11-13 23:51:16', '2022-11-13 23:51:16', 47, 7, 2, 66622, 93, 1),
	(2310, '2022-11-13 23:51:16', '2022-11-13 23:51:16', 47, 7, 2, 66623, 59, 1),
	(2311, '2022-11-13 23:51:16', '2022-11-13 23:51:16', 47, 7, 2, 66823, 44, 1),
	(2312, '2022-11-13 23:51:16', '2022-11-13 23:51:16', 47, 7, 2, 65921, 140, 1),
	(2313, '2022-11-13 23:51:16', '2022-11-13 23:51:16', 47, 7, 2, 65922, 58, 1),
	(2314, '2022-11-13 23:51:16', '2022-11-13 23:51:16', 47, 7, 2, 65722, 48, 1),
	(2315, '2022-11-13 23:51:16', '2022-11-13 23:51:16', 47, 7, 3, 66631, 43, 1),
	(2316, '2022-11-13 23:51:16', '2022-11-13 23:51:16', 47, 7, 3, 66632, 28, 1),
	(2317, '2022-11-13 23:51:16', '2022-11-13 23:51:16', 47, 7, 3, 66633, 39, 1),
	(2318, '2022-11-13 23:51:16', '2022-11-13 23:51:16', 47, 7, 3, 66634, 22, 1),
	(2319, '2022-11-13 23:51:16', '2022-11-13 23:51:16', 47, 7, 3, 65931, 182, 1),
	(2320, '2022-11-13 23:51:16', '2022-11-13 23:51:16', 47, 7, 3, 65913, 122, 1),
	(2321, '2022-11-13 23:51:16', '2022-11-13 23:51:16', 47, 7, 3, 65811, 79, 1),
	(2322, '2022-11-13 23:51:16', '2022-11-13 23:51:16', 47, 7, 4, 66641, 150, 1),
	(2323, '2022-11-13 23:51:16', '2022-11-13 23:51:16', 47, 7, 4, 66642, 11, 1),
	(2324, '2022-11-13 23:51:16', '2022-11-13 23:51:16', 47, 7, 4, 66643, 33, 1),
	(2325, '2022-11-13 23:51:16', '2022-11-13 23:51:16', 47, 7, 4, 66644, 107, 1),
	(2326, '2022-11-13 23:51:16', '2022-11-13 23:51:16', 47, 7, 4, 66645, 147, 1),
	(2327, '2022-11-13 23:51:16', '2022-11-13 23:51:16', 47, 7, 4, 66842, 142, 1),
	(2328, '2022-11-13 23:51:16', '2022-11-13 23:51:16', 47, 7, 4, 65841, 60, 1),
	(2329, '2022-11-13 23:51:16', '2022-11-13 23:51:16', 47, 7, 5, 66651, 133, 1),
	(2330, '2022-11-13 23:51:16', '2022-11-13 23:51:16', 47, 7, 5, 66652, 21, 1),
	(2331, '2022-11-13 23:51:16', '2022-11-13 23:51:16', 47, 7, 5, 66653, 51, 1),
	(2332, '2022-11-13 23:51:16', '2022-11-13 23:51:16', 47, 7, 5, 66654, 39, 1),
	(2333, '2022-11-13 23:51:16', '2022-11-13 23:51:16', 47, 7, 5, 66655, 12, 1),
	(2334, '2022-11-13 23:51:16', '2022-11-13 23:51:16', 47, 7, 5, 66656, 93, 1),
	(2335, '2022-11-13 23:51:16', '2022-11-13 23:51:16', 47, 7, 5, 65851, 79, 1),
	(2336, '2022-11-13 23:51:16', '2022-11-13 23:51:16', 47, 7, 6, 66661, 42, 1),
	(2337, '2022-11-13 23:51:16', '2022-11-13 23:51:16', 47, 7, 6, 66662, 56, 1),
	(2338, '2022-11-13 23:51:16', '2022-11-13 23:51:16', 47, 7, 6, 66663, 17, 1),
	(2339, '2022-11-13 23:51:16', '2022-11-13 23:51:16', 47, 7, 6, 66664, 26, 1),
	(2340, '2022-11-13 23:51:16', '2022-11-13 23:51:16', 47, 7, 6, 66660, 120, 1),
	(2341, '2022-11-13 23:51:16', '2022-11-13 23:51:16', 47, 7, 6, 64054, 80, 1),
	(2342, '2022-11-13 23:51:16', '2022-11-13 23:51:16', 47, 7, 6, 65852, 85, 1),
	(2343, '2022-11-13 23:51:16', '2022-11-13 23:51:16', 47, 7, 7, 66671, 53, 1),
	(2344, '2022-11-13 23:51:16', '2022-11-13 23:51:16', 47, 7, 7, 66672, 22, 1),
	(2345, '2022-11-13 23:51:16', '2022-11-13 23:51:16', 47, 7, 7, 66673, 0, 1),
	(2346, '2022-11-13 23:51:16', '2022-11-13 23:51:16', 47, 7, 7, 66674, 192, 1),
	(2347, '2022-11-13 23:51:16', '2022-11-13 23:51:16', 47, 7, 7, 66675, 61, 1),
	(2348, '2022-11-13 23:51:16', '2022-11-13 23:51:16', 47, 7, 7, 66670, 149, 1),
	(2349, '2022-11-13 23:51:16', '2022-11-13 23:51:16', 47, 7, 7, 65853, 62, 1),
	(2350, '2022-11-13 23:51:16', '2022-11-13 23:51:16', 47, 7, 8, 0, 6, 1),
	(2351, '2022-11-13 23:51:16', '2022-11-13 23:51:16', 48, 7, 1, 66611, 72, 1),
	(2352, '2022-11-13 23:51:16', '2022-11-13 23:51:16', 48, 7, 1, 66712, 146, 1),
	(2353, '2022-11-13 23:51:16', '2022-11-13 23:51:16', 48, 7, 1, 65911, 46, 1),
	(2354, '2022-11-13 23:51:16', '2022-11-13 23:51:16', 48, 7, 1, 65912, 141, 1),
	(2355, '2022-11-13 23:51:16', '2022-11-13 23:51:16', 48, 7, 1, 65711, 162, 1),
	(2356, '2022-11-13 23:51:16', '2022-11-13 23:51:16', 48, 7, 1, 65712, 85, 1),
	(2357, '2022-11-13 23:51:16', '2022-11-13 23:51:16', 48, 7, 1, 65812, 18, 1),
	(2358, '2022-11-13 23:51:16', '2022-11-13 23:51:16', 48, 7, 2, 66621, 11, 1),
	(2359, '2022-11-13 23:51:16', '2022-11-13 23:51:16', 48, 7, 2, 66622, 13, 1),
	(2360, '2022-11-13 23:51:16', '2022-11-13 23:51:16', 48, 7, 2, 66623, 87, 1),
	(2361, '2022-11-13 23:51:16', '2022-11-13 23:51:16', 48, 7, 2, 66823, 160, 1),
	(2362, '2022-11-13 23:51:16', '2022-11-13 23:51:16', 48, 7, 2, 65921, 48, 1),
	(2363, '2022-11-13 23:51:16', '2022-11-13 23:51:16', 48, 7, 2, 65922, 52, 1),
	(2364, '2022-11-13 23:51:16', '2022-11-13 23:51:16', 48, 7, 2, 65722, 24, 1),
	(2365, '2022-11-13 23:51:16', '2022-11-13 23:51:16', 48, 7, 3, 66631, 114, 1),
	(2366, '2022-11-13 23:51:16', '2022-11-13 23:51:16', 48, 7, 3, 66632, 135, 1),
	(2367, '2022-11-13 23:51:16', '2022-11-13 23:51:16', 48, 7, 3, 66633, 65, 1),
	(2368, '2022-11-13 23:51:16', '2022-11-13 23:51:16', 48, 7, 3, 66634, 2, 1),
	(2369, '2022-11-13 23:51:16', '2022-11-13 23:51:16', 48, 7, 3, 65931, 76, 1),
	(2370, '2022-11-13 23:51:16', '2022-11-13 23:51:16', 48, 7, 3, 65913, 93, 1),
	(2371, '2022-11-13 23:51:16', '2022-11-13 23:51:16', 48, 7, 3, 65811, 20, 1),
	(2372, '2022-11-13 23:51:16', '2022-11-13 23:51:16', 48, 7, 4, 66641, 99, 1),
	(2373, '2022-11-13 23:51:16', '2022-11-13 23:51:16', 48, 7, 4, 66642, 86, 1),
	(2374, '2022-11-13 23:51:16', '2022-11-13 23:51:16', 48, 7, 4, 66643, 56, 1),
	(2375, '2022-11-13 23:51:16', '2022-11-13 23:51:16', 48, 7, 4, 66644, 31, 1),
	(2376, '2022-11-13 23:51:16', '2022-11-13 23:51:16', 48, 7, 4, 66645, 84, 1),
	(2377, '2022-11-13 23:51:16', '2022-11-13 23:51:16', 48, 7, 4, 66842, 56, 1),
	(2378, '2022-11-13 23:51:16', '2022-11-13 23:51:16', 48, 7, 4, 65841, 29, 1),
	(2379, '2022-11-13 23:51:16', '2022-11-13 23:51:16', 48, 7, 5, 66651, 127, 1),
	(2380, '2022-11-13 23:51:16', '2022-11-13 23:51:16', 48, 7, 5, 66652, 99, 1),
	(2381, '2022-11-13 23:51:16', '2022-11-13 23:51:16', 48, 7, 5, 66653, 10, 1),
	(2382, '2022-11-13 23:51:16', '2022-11-13 23:51:16', 48, 7, 5, 66654, 25, 1),
	(2383, '2022-11-13 23:51:16', '2022-11-13 23:51:16', 48, 7, 5, 66655, 40, 1),
	(2384, '2022-11-13 23:51:16', '2022-11-13 23:51:16', 48, 7, 5, 66656, 93, 1),
	(2385, '2022-11-13 23:51:16', '2022-11-13 23:51:16', 48, 7, 5, 65851, 102, 1),
	(2386, '2022-11-13 23:51:16', '2022-11-13 23:51:16', 48, 7, 6, 66661, 200, 1),
	(2387, '2022-11-13 23:51:16', '2022-11-13 23:51:16', 48, 7, 6, 66662, 86, 1),
	(2388, '2022-11-13 23:51:16', '2022-11-13 23:51:16', 48, 7, 6, 66663, 69, 1),
	(2389, '2022-11-13 23:51:16', '2022-11-13 23:51:16', 48, 7, 6, 66664, 58, 1),
	(2390, '2022-11-13 23:51:16', '2022-11-13 23:51:16', 48, 7, 6, 66660, 40, 1),
	(2391, '2022-11-13 23:51:16', '2022-11-13 23:51:16', 48, 7, 6, 64054, 94, 1),
	(2392, '2022-11-13 23:51:16', '2022-11-13 23:51:16', 48, 7, 6, 65852, 83, 1),
	(2393, '2022-11-13 23:51:16', '2022-11-13 23:51:16', 48, 7, 7, 66671, 149, 1),
	(2394, '2022-11-13 23:51:16', '2022-11-13 23:51:16', 48, 7, 7, 66672, 159, 1),
	(2395, '2022-11-13 23:51:16', '2022-11-13 23:51:16', 48, 7, 7, 66673, 99, 1),
	(2396, '2022-11-13 23:51:16', '2022-11-13 23:51:16', 48, 7, 7, 66674, 57, 1),
	(2397, '2022-11-13 23:51:16', '2022-11-13 23:51:16', 48, 7, 7, 66675, 91, 1),
	(2398, '2022-11-13 23:51:16', '2022-11-13 23:51:16', 48, 7, 7, 66670, 83, 1),
	(2399, '2022-11-13 23:51:16', '2022-11-13 23:51:16', 48, 7, 7, 65853, 14, 1),
	(2400, '2022-11-13 23:51:16', '2022-11-13 23:51:16', 48, 7, 8, 0, 39, 1),
	(2401, '2022-11-13 23:51:16', '2022-11-13 23:51:16', 49, 7, 1, 66611, 90, 1),
	(2402, '2022-11-13 23:51:16', '2022-11-13 23:51:16', 49, 7, 1, 66712, 32, 1),
	(2403, '2022-11-13 23:51:16', '2022-11-13 23:51:16', 49, 7, 1, 65911, 55, 1),
	(2404, '2022-11-13 23:51:17', '2022-11-13 23:51:17', 49, 7, 1, 65912, 86, 1),
	(2405, '2022-11-13 23:51:17', '2022-11-13 23:51:17', 49, 7, 1, 65711, 134, 1),
	(2406, '2022-11-13 23:51:17', '2022-11-13 23:51:17', 49, 7, 1, 65712, 64, 1),
	(2407, '2022-11-13 23:51:17', '2022-11-13 23:51:17', 49, 7, 1, 65812, 31, 1),
	(2408, '2022-11-13 23:51:17', '2022-11-13 23:51:17', 49, 7, 2, 66621, 38, 1),
	(2409, '2022-11-13 23:51:17', '2022-11-13 23:51:17', 49, 7, 2, 66622, 23, 1),
	(2410, '2022-11-13 23:51:17', '2022-11-13 23:51:17', 49, 7, 2, 66623, 75, 1),
	(2411, '2022-11-13 23:51:17', '2022-11-13 23:51:17', 49, 7, 2, 66823, 89, 1),
	(2412, '2022-11-13 23:51:17', '2022-11-13 23:51:17', 49, 7, 2, 65921, 168, 1),
	(2413, '2022-11-13 23:51:17', '2022-11-13 23:51:17', 49, 7, 2, 65922, 108, 1),
	(2414, '2022-11-13 23:51:17', '2022-11-13 23:51:17', 49, 7, 2, 65722, 87, 1),
	(2415, '2022-11-13 23:51:17', '2022-11-13 23:51:17', 49, 7, 3, 66631, 26, 1),
	(2416, '2022-11-13 23:51:17', '2022-11-13 23:51:17', 49, 7, 3, 66632, 91, 1),
	(2417, '2022-11-13 23:51:17', '2022-11-13 23:51:17', 49, 7, 3, 66633, 68, 1),
	(2418, '2022-11-13 23:51:17', '2022-11-13 23:51:17', 49, 7, 3, 66634, 92, 1),
	(2419, '2022-11-13 23:51:17', '2022-11-13 23:51:17', 49, 7, 3, 65931, 94, 1),
	(2420, '2022-11-13 23:51:17', '2022-11-13 23:51:17', 49, 7, 3, 65913, 123, 1),
	(2421, '2022-11-13 23:51:17', '2022-11-13 23:51:17', 49, 7, 3, 65811, 90, 1),
	(2422, '2022-11-13 23:51:17', '2022-11-13 23:51:17', 49, 7, 4, 66641, 133, 1),
	(2423, '2022-11-13 23:51:17', '2022-11-13 23:51:17', 49, 7, 4, 66642, 83, 1),
	(2424, '2022-11-13 23:51:17', '2022-11-13 23:51:17', 49, 7, 4, 66643, 38, 1),
	(2425, '2022-11-13 23:51:17', '2022-11-13 23:51:17', 49, 7, 4, 66644, 24, 1),
	(2426, '2022-11-13 23:51:17', '2022-11-13 23:51:17', 49, 7, 4, 66645, 28, 1),
	(2427, '2022-11-13 23:51:17', '2022-11-13 23:51:17', 49, 7, 4, 66842, 7, 1),
	(2428, '2022-11-13 23:51:17', '2022-11-13 23:51:17', 49, 7, 4, 65841, 37, 1),
	(2429, '2022-11-13 23:51:17', '2022-11-13 23:51:17', 49, 7, 5, 66651, 10, 1),
	(2430, '2022-11-13 23:51:17', '2022-11-13 23:51:17', 49, 7, 5, 66652, 86, 1),
	(2431, '2022-11-13 23:51:17', '2022-11-13 23:51:17', 49, 7, 5, 66653, 1, 1),
	(2432, '2022-11-13 23:51:17', '2022-11-13 23:51:17', 49, 7, 5, 66654, 14, 1),
	(2433, '2022-11-13 23:51:17', '2022-11-13 23:51:17', 49, 7, 5, 66655, 149, 1),
	(2434, '2022-11-13 23:51:17', '2022-11-13 23:51:17', 49, 7, 5, 66656, 40, 1),
	(2435, '2022-11-13 23:51:17', '2022-11-13 23:51:17', 49, 7, 5, 65851, 69, 1),
	(2436, '2022-11-13 23:51:17', '2022-11-13 23:51:17', 49, 7, 6, 66661, 94, 1),
	(2437, '2022-11-13 23:51:17', '2022-11-13 23:51:17', 49, 7, 6, 66662, 19, 1),
	(2438, '2022-11-13 23:51:17', '2022-11-13 23:51:17', 49, 7, 6, 66663, 95, 1),
	(2439, '2022-11-13 23:51:17', '2022-11-13 23:51:17', 49, 7, 6, 66664, 72, 1),
	(2440, '2022-11-13 23:51:17', '2022-11-13 23:51:17', 49, 7, 6, 66660, 91, 1),
	(2441, '2022-11-13 23:51:17', '2022-11-13 23:51:17', 49, 7, 6, 64054, 47, 1),
	(2442, '2022-11-13 23:51:17', '2022-11-13 23:51:17', 49, 7, 6, 65852, 66, 1),
	(2443, '2022-11-13 23:51:17', '2022-11-13 23:51:17', 49, 7, 7, 66671, 34, 1),
	(2444, '2022-11-13 23:51:17', '2022-11-13 23:51:17', 49, 7, 7, 66672, 104, 1),
	(2445, '2022-11-13 23:51:17', '2022-11-13 23:51:17', 49, 7, 7, 66673, 90, 1),
	(2446, '2022-11-13 23:51:17', '2022-11-13 23:51:17', 49, 7, 7, 66674, 158, 1),
	(2447, '2022-11-13 23:51:17', '2022-11-13 23:51:17', 49, 7, 7, 66675, 83, 1),
	(2448, '2022-11-13 23:51:17', '2022-11-13 23:51:17', 49, 7, 7, 66670, 94, 1),
	(2449, '2022-11-13 23:51:17', '2022-11-13 23:51:17', 49, 7, 7, 65853, 39, 1),
	(2450, '2022-11-13 23:51:17', '2022-11-13 23:51:17', 49, 7, 8, 0, 77, 1),
	(2451, '2022-11-13 23:51:17', '2022-11-13 23:51:17', 50, 7, 1, 66611, 92, 1),
	(2452, '2022-11-13 23:51:17', '2022-11-13 23:51:17', 50, 7, 1, 66712, 93, 1),
	(2453, '2022-11-13 23:51:17', '2022-11-13 23:51:17', 50, 7, 1, 65911, 40, 1),
	(2454, '2022-11-13 23:51:17', '2022-11-13 23:51:17', 50, 7, 1, 65912, 132, 1),
	(2455, '2022-11-13 23:51:17', '2022-11-13 23:51:17', 50, 7, 1, 65711, 69, 1),
	(2456, '2022-11-13 23:51:17', '2022-11-13 23:51:17', 50, 7, 1, 65712, 55, 1),
	(2457, '2022-11-13 23:51:17', '2022-11-13 23:51:17', 50, 7, 1, 65812, 33, 1),
	(2458, '2022-11-13 23:51:17', '2022-11-13 23:51:17', 50, 7, 2, 66621, 31, 1),
	(2459, '2022-11-13 23:51:17', '2022-11-13 23:51:17', 50, 7, 2, 66622, 87, 1),
	(2460, '2022-11-13 23:51:17', '2022-11-13 23:51:17', 50, 7, 2, 66623, 67, 1),
	(2461, '2022-11-13 23:51:17', '2022-11-13 23:51:17', 50, 7, 2, 66823, 48, 1),
	(2462, '2022-11-13 23:51:17', '2022-11-13 23:51:17', 50, 7, 2, 65921, 56, 1),
	(2463, '2022-11-13 23:51:17', '2022-11-13 23:51:17', 50, 7, 2, 65922, 30, 1),
	(2464, '2022-11-13 23:51:17', '2022-11-13 23:51:17', 50, 7, 2, 65722, 18, 1),
	(2465, '2022-11-13 23:51:17', '2022-11-13 23:51:17', 50, 7, 3, 66631, 146, 1),
	(2466, '2022-11-13 23:51:17', '2022-11-13 23:51:17', 50, 7, 3, 66632, 55, 1),
	(2467, '2022-11-13 23:51:17', '2022-11-13 23:51:17', 50, 7, 3, 66633, 44, 1),
	(2468, '2022-11-13 23:51:17', '2022-11-13 23:51:17', 50, 7, 3, 66634, 94, 1),
	(2469, '2022-11-13 23:51:17', '2022-11-13 23:51:17', 50, 7, 3, 65931, 92, 1),
	(2470, '2022-11-13 23:51:17', '2022-11-13 23:51:17', 50, 7, 3, 65913, 16, 1),
	(2471, '2022-11-13 23:51:17', '2022-11-13 23:51:17', 50, 7, 3, 65811, 13, 1),
	(2472, '2022-11-13 23:51:17', '2022-11-13 23:51:17', 50, 7, 4, 66641, 29, 1),
	(2473, '2022-11-13 23:51:17', '2022-11-13 23:51:17', 50, 7, 4, 66642, 128, 1),
	(2474, '2022-11-13 23:51:17', '2022-11-13 23:51:17', 50, 7, 4, 66643, 8, 1),
	(2475, '2022-11-13 23:51:17', '2022-11-13 23:51:17', 50, 7, 4, 66644, 113, 1),
	(2476, '2022-11-13 23:51:17', '2022-11-13 23:51:17', 50, 7, 4, 66645, 8, 1),
	(2477, '2022-11-13 23:51:17', '2022-11-13 23:51:17', 50, 7, 4, 66842, 132, 1),
	(2478, '2022-11-13 23:51:17', '2022-11-13 23:51:17', 50, 7, 4, 65841, 11, 1),
	(2479, '2022-11-13 23:51:17', '2022-11-13 23:51:17', 50, 7, 5, 66651, 20, 1),
	(2480, '2022-11-13 23:51:17', '2022-11-13 23:51:17', 50, 7, 5, 66652, 41, 1),
	(2481, '2022-11-13 23:51:17', '2022-11-13 23:51:17', 50, 7, 5, 66653, 82, 1),
	(2482, '2022-11-13 23:51:17', '2022-11-13 23:51:17', 50, 7, 5, 66654, 2, 1),
	(2483, '2022-11-13 23:51:17', '2022-11-13 23:51:17', 50, 7, 5, 66655, 8, 1),
	(2484, '2022-11-13 23:51:17', '2022-11-13 23:51:17', 50, 7, 5, 66656, 26, 1),
	(2485, '2022-11-13 23:51:17', '2022-11-13 23:51:17', 50, 7, 5, 65851, 129, 1),
	(2486, '2022-11-13 23:51:17', '2022-11-13 23:51:17', 50, 7, 6, 66661, 11, 1),
	(2487, '2022-11-13 23:51:17', '2022-11-13 23:51:17', 50, 7, 6, 66662, 58, 1),
	(2488, '2022-11-13 23:51:17', '2022-11-13 23:51:17', 50, 7, 6, 66663, 23, 1),
	(2489, '2022-11-13 23:51:17', '2022-11-13 23:51:17', 50, 7, 6, 66664, 96, 1),
	(2490, '2022-11-13 23:51:17', '2022-11-13 23:51:17', 50, 7, 6, 66660, 27, 1),
	(2491, '2022-11-13 23:51:17', '2022-11-13 23:51:17', 50, 7, 6, 64054, 21, 1),
	(2492, '2022-11-13 23:51:17', '2022-11-13 23:51:17', 50, 7, 6, 65852, 3, 1),
	(2493, '2022-11-13 23:51:17', '2022-11-13 23:51:17', 50, 7, 7, 66671, 71, 1),
	(2494, '2022-11-13 23:51:17', '2022-11-13 23:51:17', 50, 7, 7, 66672, 49, 1),
	(2495, '2022-11-13 23:51:17', '2022-11-13 23:51:17', 50, 7, 7, 66673, 59, 1),
	(2496, '2022-11-13 23:51:17', '2022-11-13 23:51:17', 50, 7, 7, 66674, 143, 1),
	(2497, '2022-11-13 23:51:17', '2022-11-13 23:51:17', 50, 7, 7, 66675, 5, 1),
	(2498, '2022-11-13 23:51:17', '2022-11-13 23:51:17', 50, 7, 7, 66670, 42, 1),
	(2499, '2022-11-13 23:51:17', '2022-11-13 23:51:17', 50, 7, 7, 65853, 75, 1),
	(2500, '2022-11-13 23:51:17', '2022-11-13 23:51:17', 50, 7, 8, 0, 62, 1);
/*!40000 ALTER TABLE `exams` ENABLE KEYS */;

-- Dumping structure for table cgpa.failed_jobs
CREATE TABLE IF NOT EXISTS `failed_jobs` (
  `id` bigint unsigned NOT NULL AUTO_INCREMENT,
  `uuid` varchar(255) COLLATE utf8mb4_unicode_ci NOT NULL,
  `connection` text COLLATE utf8mb4_unicode_ci NOT NULL,
  `queue` text COLLATE utf8mb4_unicode_ci NOT NULL,
  `payload` longtext COLLATE utf8mb4_unicode_ci NOT NULL,
  `exception` longtext COLLATE utf8mb4_unicode_ci NOT NULL,
  `failed_at` timestamp NOT NULL DEFAULT CURRENT_TIMESTAMP,
  PRIMARY KEY (`id`),
  UNIQUE KEY `failed_jobs_uuid_unique` (`uuid`)
) ENGINE=InnoDB DEFAULT CHARSET=utf8mb4 COLLATE=utf8mb4_unicode_ci;

-- Dumping data for table cgpa.failed_jobs: ~0 rows (approximately)
/*!40000 ALTER TABLE `failed_jobs` DISABLE KEYS */;
/*!40000 ALTER TABLE `failed_jobs` ENABLE KEYS */;

-- Dumping structure for table cgpa.migrations
CREATE TABLE IF NOT EXISTS `migrations` (
  `id` int unsigned NOT NULL AUTO_INCREMENT,
  `migration` varchar(255) COLLATE utf8mb4_unicode_ci NOT NULL,
  `batch` int NOT NULL,
  PRIMARY KEY (`id`)
) ENGINE=InnoDB AUTO_INCREMENT=18 DEFAULT CHARSET=utf8mb4 COLLATE=utf8mb4_unicode_ci;

-- Dumping data for table cgpa.migrations: ~10 rows (approximately)
/*!40000 ALTER TABLE `migrations` DISABLE KEYS */;
INSERT INTO `migrations` (`id`, `migration`, `batch`) VALUES
	(1, '2014_10_12_000000_create_users_table', 1),
	(2, '2014_10_12_100000_create_password_resets_table', 1),
	(3, '2019_08_19_000000_create_failed_jobs_table', 1),
	(4, '2019_12_14_000001_create_personal_access_tokens_table', 1),
	(5, '2022_11_12_231912_create_students_table', 1),
	(6, '2022_11_12_231913_create_departments_table', 1),
	(11, '2022_11_12_231918_create_c_g_p_a_s_table', 1),
	(12, '2022_11_12_231915_create_subjects_table', 2),
	(13, '2022_11_12_231914_create_semesters_table', 3),
	(14, '2022_11_13_151652_create_regulations_table', 4),
	(16, '2022_11_12_231916_create_exams_table', 5),
	(17, '2022_11_12_231917_create_semester_results_table', 5);
/*!40000 ALTER TABLE `migrations` ENABLE KEYS */;

-- Dumping structure for table cgpa.password_resets
CREATE TABLE IF NOT EXISTS `password_resets` (
  `email` varchar(255) COLLATE utf8mb4_unicode_ci NOT NULL,
  `token` varchar(255) COLLATE utf8mb4_unicode_ci NOT NULL,
  `created_at` timestamp NULL DEFAULT NULL,
  KEY `password_resets_email_index` (`email`)
) ENGINE=InnoDB DEFAULT CHARSET=utf8mb4 COLLATE=utf8mb4_unicode_ci;

-- Dumping data for table cgpa.password_resets: ~0 rows (approximately)
/*!40000 ALTER TABLE `password_resets` DISABLE KEYS */;
/*!40000 ALTER TABLE `password_resets` ENABLE KEYS */;

-- Dumping structure for table cgpa.personal_access_tokens
CREATE TABLE IF NOT EXISTS `personal_access_tokens` (
  `id` bigint unsigned NOT NULL AUTO_INCREMENT,
  `tokenable_type` varchar(255) COLLATE utf8mb4_unicode_ci NOT NULL,
  `tokenable_id` bigint unsigned NOT NULL,
  `name` varchar(255) COLLATE utf8mb4_unicode_ci NOT NULL,
  `token` varchar(64) COLLATE utf8mb4_unicode_ci NOT NULL,
  `abilities` text COLLATE utf8mb4_unicode_ci,
  `last_used_at` timestamp NULL DEFAULT NULL,
  `created_at` timestamp NULL DEFAULT NULL,
  `updated_at` timestamp NULL DEFAULT NULL,
  PRIMARY KEY (`id`),
  UNIQUE KEY `personal_access_tokens_token_unique` (`token`),
  KEY `personal_access_tokens_tokenable_type_tokenable_id_index` (`tokenable_type`,`tokenable_id`)
) ENGINE=InnoDB DEFAULT CHARSET=utf8mb4 COLLATE=utf8mb4_unicode_ci;

-- Dumping data for table cgpa.personal_access_tokens: ~0 rows (approximately)
/*!40000 ALTER TABLE `personal_access_tokens` DISABLE KEYS */;
/*!40000 ALTER TABLE `personal_access_tokens` ENABLE KEYS */;

-- Dumping structure for table cgpa.regulations
CREATE TABLE IF NOT EXISTS `regulations` (
  `id` bigint unsigned NOT NULL AUTO_INCREMENT,
  `created_at` timestamp NULL DEFAULT NULL,
  `updated_at` timestamp NULL DEFAULT NULL,
  `semester_id` int NOT NULL,
  `semester_value` int NOT NULL,
  `status` int NOT NULL,
  PRIMARY KEY (`id`)
) ENGINE=InnoDB AUTO_INCREMENT=9 DEFAULT CHARSET=utf8mb4 COLLATE=utf8mb4_unicode_ci;

-- Dumping data for table cgpa.regulations: ~0 rows (approximately)
/*!40000 ALTER TABLE `regulations` DISABLE KEYS */;
INSERT INTO `regulations` (`id`, `created_at`, `updated_at`, `semester_id`, `semester_value`, `status`) VALUES
	(1, '2022-11-13 16:33:48', '2022-11-14 02:31:10', 1, 5, 1),
	(2, '2022-11-13 16:55:58', '2022-11-13 18:41:50', 2, 5, 1),
	(3, '2022-11-13 17:42:49', '2022-11-13 18:17:57', 3, 5, 1),
	(4, '2022-11-13 17:58:36', '2022-11-14 02:48:09', 4, 10, 1),
	(5, '2022-11-13 18:16:57', '2022-11-13 18:16:57', 5, 15, 1),
	(6, '2022-11-13 18:18:41', '2022-11-13 18:18:41', 6, 20, 1),
	(7, '2022-11-13 18:18:51', '2022-11-13 18:18:51', 7, 25, 1),
	(8, '2022-11-13 18:19:07', '2022-11-13 18:19:07', 8, 15, 1);
/*!40000 ALTER TABLE `regulations` ENABLE KEYS */;

-- Dumping structure for table cgpa.semesters
CREATE TABLE IF NOT EXISTS `semesters` (
  `id` bigint unsigned NOT NULL AUTO_INCREMENT,
  `created_at` timestamp NULL DEFAULT NULL,
  `updated_at` timestamp NULL DEFAULT NULL,
  `name` varchar(255) COLLATE utf8mb4_unicode_ci NOT NULL,
  `desc` varchar(255) COLLATE utf8mb4_unicode_ci NOT NULL,
  `status` int NOT NULL,
  PRIMARY KEY (`id`)
) ENGINE=InnoDB AUTO_INCREMENT=9 DEFAULT CHARSET=utf8mb4 COLLATE=utf8mb4_unicode_ci;

-- Dumping data for table cgpa.semesters: ~0 rows (approximately)
/*!40000 ALTER TABLE `semesters` DISABLE KEYS */;
INSERT INTO `semesters` (`id`, `created_at`, `updated_at`, `name`, `desc`, `status`) VALUES
	(1, NULL, NULL, '1st Semester', '1st Semester', 1),
	(2, NULL, NULL, '2nd Semester', '2nd Semester', 1),
	(3, NULL, NULL, '3rd Semester', '3rd Semester', 1),
	(4, NULL, NULL, '4th Semester', '4th Semester', 1),
	(5, NULL, NULL, '5th Semester', '5th Semester', 1),
	(6, NULL, NULL, '6th Semester', '6th Semester', 1),
	(7, NULL, NULL, '7th Semester', '7th Semester', 1),
	(8, NULL, NULL, '8th Semester', '8th Semester', 1);
/*!40000 ALTER TABLE `semesters` ENABLE KEYS */;

-- Dumping structure for table cgpa.semester_results
CREATE TABLE IF NOT EXISTS `semester_results` (
  `id` bigint unsigned NOT NULL AUTO_INCREMENT,
  `created_at` timestamp NULL DEFAULT NULL,
  `updated_at` timestamp NULL DEFAULT NULL,
  `exam_id` int NOT NULL,
  `student_id` int NOT NULL,
  `gpa` double(8,2) NOT NULL,
  `status` int NOT NULL,
  PRIMARY KEY (`id`)
) ENGINE=InnoDB AUTO_INCREMENT=401 DEFAULT CHARSET=utf8mb4 COLLATE=utf8mb4_unicode_ci;

-- Dumping data for table cgpa.semester_results: ~0 rows (approximately)
/*!40000 ALTER TABLE `semester_results` DISABLE KEYS */;
INSERT INTO `semester_results` (`id`, `created_at`, `updated_at`, `exam_id`, `student_id`, `gpa`, `status`) VALUES
	(1, '2022-11-13 23:50:59', '2022-11-13 23:50:59', 7, 1, 3.36, 1),
	(2, '2022-11-13 23:50:59', '2022-11-13 23:50:59', 14, 1, 3.22, 1),
	(3, '2022-11-13 23:50:59', '2022-11-13 23:50:59', 21, 1, 3.19, 1),
	(4, '2022-11-13 23:50:59', '2022-11-13 23:50:59', 28, 1, 2.95, 1),
	(5, '2022-11-13 23:50:59', '2022-11-13 23:50:59', 35, 1, 3.03, 1),
	(6, '2022-11-13 23:50:59', '2022-11-13 23:50:59', 42, 1, 2.99, 1),
	(7, '2022-11-13 23:50:59', '2022-11-13 23:50:59', 49, 1, 3.01, 1),
	(8, '2022-11-13 23:50:59', '2022-11-13 23:50:59', 50, 1, 3.02, 1),
	(9, '2022-11-13 23:51:00', '2022-11-13 23:51:00', 57, 2, 3.06, 1),
	(10, '2022-11-13 23:51:00', '2022-11-13 23:51:00', 64, 2, 2.99, 1),
	(11, '2022-11-13 23:51:00', '2022-11-13 23:51:00', 71, 2, 2.88, 1),
	(12, '2022-11-13 23:51:00', '2022-11-13 23:51:00', 78, 2, 2.94, 1),
	(13, '2022-11-13 23:51:00', '2022-11-13 23:51:00', 85, 2, 2.86, 1),
	(14, '2022-11-13 23:51:00', '2022-11-13 23:51:00', 92, 2, 2.86, 1),
	(15, '2022-11-13 23:51:00', '2022-11-13 23:51:00', 99, 2, 2.87, 1),
	(16, '2022-11-13 23:51:00', '2022-11-13 23:51:00', 100, 2, 2.85, 1),
	(17, '2022-11-13 23:51:00', '2022-11-13 23:51:00', 107, 3, 2.87, 1),
	(18, '2022-11-13 23:51:00', '2022-11-13 23:51:00', 114, 3, 2.87, 1),
	(19, '2022-11-13 23:51:00', '2022-11-13 23:51:00', 121, 3, 2.89, 1),
	(20, '2022-11-13 23:51:00', '2022-11-13 23:51:00', 128, 3, 2.88, 1),
	(21, '2022-11-13 23:51:00', '2022-11-13 23:51:00', 135, 3, 2.92, 1),
	(22, '2022-11-13 23:51:00', '2022-11-13 23:51:00', 142, 3, 2.91, 1),
	(23, '2022-11-13 23:51:00', '2022-11-13 23:51:00', 149, 3, 2.96, 1),
	(24, '2022-11-13 23:51:00', '2022-11-13 23:51:00', 150, 3, 2.97, 1),
	(25, '2022-11-13 23:51:00', '2022-11-13 23:51:00', 157, 4, 2.92, 1),
	(26, '2022-11-13 23:51:00', '2022-11-13 23:51:00', 164, 4, 2.94, 1),
	(27, '2022-11-13 23:51:01', '2022-11-13 23:51:01', 171, 4, 2.95, 1),
	(28, '2022-11-13 23:51:01', '2022-11-13 23:51:01', 178, 4, 2.98, 1),
	(29, '2022-11-13 23:51:01', '2022-11-13 23:51:01', 185, 4, 2.97, 1),
	(30, '2022-11-13 23:51:01', '2022-11-13 23:51:01', 192, 4, 2.96, 1),
	(31, '2022-11-13 23:51:01', '2022-11-13 23:51:01', 199, 4, 2.96, 1),
	(32, '2022-11-13 23:51:01', '2022-11-13 23:51:01', 200, 4, 2.96, 1),
	(33, '2022-11-13 23:51:01', '2022-11-13 23:51:01', 207, 5, 2.95, 1),
	(34, '2022-11-13 23:51:01', '2022-11-13 23:51:01', 214, 5, 2.93, 1),
	(35, '2022-11-13 23:51:01', '2022-11-13 23:51:01', 221, 5, 2.94, 1),
	(36, '2022-11-13 23:51:01', '2022-11-13 23:51:01', 228, 5, 2.94, 1),
	(37, '2022-11-13 23:51:01', '2022-11-13 23:51:01', 235, 5, 2.93, 1),
	(38, '2022-11-13 23:51:01', '2022-11-13 23:51:01', 242, 5, 2.93, 1),
	(39, '2022-11-13 23:51:01', '2022-11-13 23:51:01', 249, 5, 2.93, 1),
	(40, '2022-11-13 23:51:01', '2022-11-13 23:51:01', 250, 5, 2.93, 1),
	(41, '2022-11-13 23:51:01', '2022-11-13 23:51:01', 257, 6, 2.96, 1),
	(42, '2022-11-13 23:51:01', '2022-11-13 23:51:01', 264, 6, 2.93, 1),
	(43, '2022-11-13 23:51:01', '2022-11-13 23:51:01', 271, 6, 2.90, 1),
	(44, '2022-11-13 23:51:01', '2022-11-13 23:51:01', 278, 6, 2.90, 1),
	(45, '2022-11-13 23:51:01', '2022-11-13 23:51:01', 285, 6, 2.91, 1),
	(46, '2022-11-13 23:51:01', '2022-11-13 23:51:01', 292, 6, 2.92, 1),
	(47, '2022-11-13 23:51:02', '2022-11-13 23:51:02', 299, 6, 2.91, 1),
	(48, '2022-11-13 23:51:02', '2022-11-13 23:51:02', 300, 6, 2.91, 1),
	(49, '2022-11-13 23:51:02', '2022-11-13 23:51:02', 307, 7, 2.89, 1),
	(50, '2022-11-13 23:51:02', '2022-11-13 23:51:02', 314, 7, 2.89, 1),
	(51, '2022-11-13 23:51:02', '2022-11-13 23:51:02', 321, 7, 2.86, 1),
	(52, '2022-11-13 23:51:02', '2022-11-13 23:51:02', 328, 7, 2.87, 1),
	(53, '2022-11-13 23:51:02', '2022-11-13 23:51:02', 335, 7, 2.89, 1),
	(54, '2022-11-13 23:51:02', '2022-11-13 23:51:02', 342, 7, 2.88, 1),
	(55, '2022-11-13 23:51:02', '2022-11-13 23:51:02', 349, 7, 2.90, 1),
	(56, '2022-11-13 23:51:02', '2022-11-13 23:51:02', 350, 7, 2.91, 1),
	(57, '2022-11-13 23:51:02', '2022-11-13 23:51:02', 357, 8, 2.90, 1),
	(58, '2022-11-13 23:51:02', '2022-11-13 23:51:02', 364, 8, 2.90, 1),
	(59, '2022-11-13 23:51:02', '2022-11-13 23:51:02', 371, 8, 2.91, 1),
	(60, '2022-11-13 23:51:02', '2022-11-13 23:51:02', 378, 8, 2.91, 1),
	(61, '2022-11-13 23:51:02', '2022-11-13 23:51:02', 385, 8, 2.93, 1),
	(62, '2022-11-13 23:51:02', '2022-11-13 23:51:02', 392, 8, 2.93, 1),
	(63, '2022-11-13 23:51:02', '2022-11-13 23:51:02', 399, 8, 2.91, 1),
	(64, '2022-11-13 23:51:02', '2022-11-13 23:51:02', 400, 8, 2.91, 1),
	(65, '2022-11-13 23:51:02', '2022-11-13 23:51:02', 407, 9, 2.91, 1),
	(66, '2022-11-13 23:51:02', '2022-11-13 23:51:02', 414, 9, 2.89, 1),
	(67, '2022-11-13 23:51:02', '2022-11-13 23:51:02', 421, 9, 2.89, 1),
	(68, '2022-11-13 23:51:02', '2022-11-13 23:51:02', 428, 9, 2.90, 1),
	(69, '2022-11-13 23:51:02', '2022-11-13 23:51:02', 435, 9, 2.90, 1),
	(70, '2022-11-13 23:51:02', '2022-11-13 23:51:02', 442, 9, 2.92, 1),
	(71, '2022-11-13 23:51:03', '2022-11-13 23:51:03', 449, 9, 2.93, 1),
	(72, '2022-11-13 23:51:03', '2022-11-13 23:51:03', 450, 9, 2.93, 1),
	(73, '2022-11-13 23:51:03', '2022-11-13 23:51:03', 457, 10, 2.94, 1),
	(74, '2022-11-13 23:51:03', '2022-11-13 23:51:03', 464, 10, 2.93, 1),
	(75, '2022-11-13 23:51:03', '2022-11-13 23:51:03', 471, 10, 2.94, 1),
	(76, '2022-11-13 23:51:03', '2022-11-13 23:51:03', 478, 10, 2.92, 1),
	(77, '2022-11-13 23:51:03', '2022-11-13 23:51:03', 485, 10, 2.93, 1),
	(78, '2022-11-13 23:51:03', '2022-11-13 23:51:03', 492, 10, 2.93, 1),
	(79, '2022-11-13 23:51:03', '2022-11-13 23:51:03', 499, 10, 2.94, 1),
	(80, '2022-11-13 23:51:03', '2022-11-13 23:51:03', 500, 10, 2.94, 1),
	(81, '2022-11-13 23:51:03', '2022-11-13 23:51:03', 507, 11, 2.94, 1),
	(82, '2022-11-13 23:51:03', '2022-11-13 23:51:03', 514, 11, 2.93, 1),
	(83, '2022-11-13 23:51:03', '2022-11-13 23:51:03', 521, 11, 2.93, 1),
	(84, '2022-11-13 23:51:03', '2022-11-13 23:51:03', 528, 11, 2.93, 1),
	(85, '2022-11-13 23:51:03', '2022-11-13 23:51:03', 535, 11, 2.93, 1),
	(86, '2022-11-13 23:51:03', '2022-11-13 23:51:03', 542, 11, 2.93, 1),
	(87, '2022-11-13 23:51:03', '2022-11-13 23:51:03', 549, 11, 2.93, 1),
	(88, '2022-11-13 23:51:03', '2022-11-13 23:51:03', 550, 11, 2.93, 1),
	(89, '2022-11-13 23:51:03', '2022-11-13 23:51:03', 557, 12, 2.93, 1),
	(90, '2022-11-13 23:51:03', '2022-11-13 23:51:03', 564, 12, 2.93, 1),
	(91, '2022-11-13 23:51:03', '2022-11-13 23:51:03', 571, 12, 2.92, 1),
	(92, '2022-11-13 23:51:03', '2022-11-13 23:51:03', 578, 12, 2.92, 1),
	(93, '2022-11-13 23:51:03', '2022-11-13 23:51:03', 585, 12, 2.93, 1),
	(94, '2022-11-13 23:51:04', '2022-11-13 23:51:04', 592, 12, 2.93, 1),
	(95, '2022-11-13 23:51:04', '2022-11-13 23:51:04', 599, 12, 2.92, 1),
	(96, '2022-11-13 23:51:04', '2022-11-13 23:51:04', 600, 12, 2.92, 1),
	(97, '2022-11-13 23:51:04', '2022-11-13 23:51:04', 607, 13, 2.92, 1),
	(98, '2022-11-13 23:51:04', '2022-11-13 23:51:04', 614, 13, 2.91, 1),
	(99, '2022-11-13 23:51:04', '2022-11-13 23:51:04', 621, 13, 2.92, 1),
	(100, '2022-11-13 23:51:04', '2022-11-13 23:51:04', 628, 13, 2.92, 1),
	(101, '2022-11-13 23:51:04', '2022-11-13 23:51:04', 635, 13, 2.93, 1),
	(102, '2022-11-13 23:51:04', '2022-11-13 23:51:04', 642, 13, 2.92, 1),
	(103, '2022-11-13 23:51:04', '2022-11-13 23:51:04', 649, 13, 2.92, 1),
	(104, '2022-11-13 23:51:04', '2022-11-13 23:51:04', 650, 13, 2.92, 1),
	(105, '2022-11-13 23:51:04', '2022-11-13 23:51:04', 657, 14, 2.91, 1),
	(106, '2022-11-13 23:51:04', '2022-11-13 23:51:04', 664, 14, 2.90, 1),
	(107, '2022-11-13 23:51:04', '2022-11-13 23:51:04', 671, 14, 2.90, 1),
	(108, '2022-11-13 23:51:04', '2022-11-13 23:51:04', 678, 14, 2.90, 1),
	(109, '2022-11-13 23:51:04', '2022-11-13 23:51:04', 685, 14, 2.91, 1),
	(110, '2022-11-13 23:51:04', '2022-11-13 23:51:04', 692, 14, 2.91, 1),
	(111, '2022-11-13 23:51:04', '2022-11-13 23:51:04', 699, 14, 2.91, 1),
	(112, '2022-11-13 23:51:04', '2022-11-13 23:51:04', 700, 14, 2.92, 1),
	(113, '2022-11-13 23:51:04', '2022-11-13 23:51:04', 707, 15, 2.92, 1),
	(114, '2022-11-13 23:51:04', '2022-11-13 23:51:04', 714, 15, 2.93, 1),
	(115, '2022-11-13 23:51:04', '2022-11-13 23:51:04', 721, 15, 2.94, 1),
	(116, '2022-11-13 23:51:04', '2022-11-13 23:51:04', 728, 15, 2.92, 1),
	(117, '2022-11-13 23:51:05', '2022-11-13 23:51:05', 735, 15, 2.93, 1),
	(118, '2022-11-13 23:51:05', '2022-11-13 23:51:05', 742, 15, 2.93, 1),
	(119, '2022-11-13 23:51:05', '2022-11-13 23:51:05', 749, 15, 2.94, 1),
	(120, '2022-11-13 23:51:05', '2022-11-13 23:51:05', 750, 15, 2.94, 1),
	(121, '2022-11-13 23:51:05', '2022-11-13 23:51:05', 757, 16, 2.94, 1),
	(122, '2022-11-13 23:51:05', '2022-11-13 23:51:05', 764, 16, 2.94, 1),
	(123, '2022-11-13 23:51:05', '2022-11-13 23:51:05', 771, 16, 2.94, 1),
	(124, '2022-11-13 23:51:05', '2022-11-13 23:51:05', 778, 16, 2.94, 1),
	(125, '2022-11-13 23:51:05', '2022-11-13 23:51:05', 785, 16, 2.94, 1),
	(126, '2022-11-13 23:51:05', '2022-11-13 23:51:05', 792, 16, 2.94, 1),
	(127, '2022-11-13 23:51:05', '2022-11-13 23:51:05', 799, 16, 2.94, 1),
	(128, '2022-11-13 23:51:05', '2022-11-13 23:51:05', 800, 16, 2.94, 1),
	(129, '2022-11-13 23:51:05', '2022-11-13 23:51:05', 807, 17, 2.94, 1),
	(130, '2022-11-13 23:51:05', '2022-11-13 23:51:05', 814, 17, 2.94, 1),
	(131, '2022-11-13 23:51:05', '2022-11-13 23:51:05', 821, 17, 2.94, 1),
	(132, '2022-11-13 23:51:05', '2022-11-13 23:51:05', 828, 17, 2.95, 1),
	(133, '2022-11-13 23:51:05', '2022-11-13 23:51:05', 835, 17, 2.95, 1),
	(134, '2022-11-13 23:51:05', '2022-11-13 23:51:05', 842, 17, 2.95, 1),
	(135, '2022-11-13 23:51:05', '2022-11-13 23:51:05', 849, 17, 2.95, 1),
	(136, '2022-11-13 23:51:05', '2022-11-13 23:51:05', 850, 17, 2.95, 1),
	(137, '2022-11-13 23:51:05', '2022-11-13 23:51:05', 857, 18, 2.95, 1),
	(138, '2022-11-13 23:51:05', '2022-11-13 23:51:05', 864, 18, 2.95, 1),
	(139, '2022-11-13 23:51:05', '2022-11-13 23:51:05', 871, 18, 2.96, 1),
	(140, '2022-11-13 23:51:05', '2022-11-13 23:51:05', 878, 18, 2.95, 1),
	(141, '2022-11-13 23:51:06', '2022-11-13 23:51:06', 885, 18, 2.96, 1),
	(142, '2022-11-13 23:51:06', '2022-11-13 23:51:06', 892, 18, 2.96, 1),
	(143, '2022-11-13 23:51:06', '2022-11-13 23:51:06', 899, 18, 2.97, 1),
	(144, '2022-11-13 23:51:06', '2022-11-13 23:51:06', 900, 18, 2.97, 1),
	(145, '2022-11-13 23:51:06', '2022-11-13 23:51:06', 907, 19, 2.97, 1),
	(146, '2022-11-13 23:51:06', '2022-11-13 23:51:06', 914, 19, 2.97, 1),
	(147, '2022-11-13 23:51:06', '2022-11-13 23:51:06', 921, 19, 2.96, 1),
	(148, '2022-11-13 23:51:06', '2022-11-13 23:51:06', 928, 19, 2.97, 1),
	(149, '2022-11-13 23:51:06', '2022-11-13 23:51:06', 935, 19, 2.97, 1),
	(150, '2022-11-13 23:51:06', '2022-11-13 23:51:06', 942, 19, 2.97, 1),
	(151, '2022-11-13 23:51:06', '2022-11-13 23:51:06', 949, 19, 2.96, 1),
	(152, '2022-11-13 23:51:06', '2022-11-13 23:51:06', 950, 19, 2.96, 1),
	(153, '2022-11-13 23:51:06', '2022-11-13 23:51:06', 957, 20, 2.96, 1),
	(154, '2022-11-13 23:51:06', '2022-11-13 23:51:06', 964, 20, 2.96, 1),
	(155, '2022-11-13 23:51:06', '2022-11-13 23:51:06', 971, 20, 2.96, 1),
	(156, '2022-11-13 23:51:06', '2022-11-13 23:51:06', 978, 20, 2.96, 1),
	(157, '2022-11-13 23:51:06', '2022-11-13 23:51:06', 985, 20, 2.96, 1),
	(158, '2022-11-13 23:51:06', '2022-11-13 23:51:06', 992, 20, 2.97, 1),
	(159, '2022-11-13 23:51:06', '2022-11-13 23:51:06', 999, 20, 2.96, 1),
	(160, '2022-11-13 23:51:06', '2022-11-13 23:51:06', 1000, 20, 2.96, 1),
	(161, '2022-11-13 23:51:06', '2022-11-13 23:51:06', 1007, 21, 2.96, 1),
	(162, '2022-11-13 23:51:06', '2022-11-13 23:51:06', 1014, 21, 2.96, 1),
	(163, '2022-11-13 23:51:06', '2022-11-13 23:51:06', 1021, 21, 2.96, 1),
	(164, '2022-11-13 23:51:06', '2022-11-13 23:51:06', 1028, 21, 2.97, 1),
	(165, '2022-11-13 23:51:07', '2022-11-13 23:51:07', 1035, 21, 2.97, 1),
	(166, '2022-11-13 23:51:07', '2022-11-13 23:51:07', 1042, 21, 2.97, 1),
	(167, '2022-11-13 23:51:07', '2022-11-13 23:51:07', 1049, 21, 2.96, 1),
	(168, '2022-11-13 23:51:07', '2022-11-13 23:51:07', 1050, 21, 2.96, 1),
	(169, '2022-11-13 23:51:07', '2022-11-13 23:51:07', 1057, 22, 2.97, 1),
	(170, '2022-11-13 23:51:07', '2022-11-13 23:51:07', 1064, 22, 2.97, 1),
	(171, '2022-11-13 23:51:07', '2022-11-13 23:51:07', 1071, 22, 2.97, 1),
	(172, '2022-11-13 23:51:07', '2022-11-13 23:51:07', 1078, 22, 2.97, 1),
	(173, '2022-11-13 23:51:07', '2022-11-13 23:51:07', 1085, 22, 2.97, 1),
	(174, '2022-11-13 23:51:07', '2022-11-13 23:51:07', 1092, 22, 2.98, 1),
	(175, '2022-11-13 23:51:07', '2022-11-13 23:51:07', 1099, 22, 2.98, 1),
	(176, '2022-11-13 23:51:07', '2022-11-13 23:51:07', 1100, 22, 2.98, 1),
	(177, '2022-11-13 23:51:07', '2022-11-13 23:51:07', 1107, 23, 2.98, 1),
	(178, '2022-11-13 23:51:07', '2022-11-13 23:51:07', 1114, 23, 2.98, 1),
	(179, '2022-11-13 23:51:07', '2022-11-13 23:51:07', 1121, 23, 2.99, 1),
	(180, '2022-11-13 23:51:07', '2022-11-13 23:51:07', 1128, 23, 2.98, 1),
	(181, '2022-11-13 23:51:07', '2022-11-13 23:51:07', 1135, 23, 2.98, 1),
	(182, '2022-11-13 23:51:07', '2022-11-13 23:51:07', 1142, 23, 2.98, 1),
	(183, '2022-11-13 23:51:08', '2022-11-13 23:51:08', 1149, 23, 2.98, 1),
	(184, '2022-11-13 23:51:08', '2022-11-13 23:51:08', 1150, 23, 2.98, 1),
	(185, '2022-11-13 23:51:08', '2022-11-13 23:51:08', 1157, 24, 2.98, 1),
	(186, '2022-11-13 23:51:08', '2022-11-13 23:51:08', 1164, 24, 2.98, 1),
	(187, '2022-11-13 23:51:08', '2022-11-13 23:51:08', 1171, 24, 2.98, 1),
	(188, '2022-11-13 23:51:08', '2022-11-13 23:51:08', 1178, 24, 2.98, 1),
	(189, '2022-11-13 23:51:08', '2022-11-13 23:51:08', 1185, 24, 2.98, 1),
	(190, '2022-11-13 23:51:08', '2022-11-13 23:51:08', 1192, 24, 2.98, 1),
	(191, '2022-11-13 23:51:08', '2022-11-13 23:51:08', 1199, 24, 2.98, 1),
	(192, '2022-11-13 23:51:08', '2022-11-13 23:51:08', 1200, 24, 2.98, 1),
	(193, '2022-11-13 23:51:08', '2022-11-13 23:51:08', 1207, 25, 2.98, 1),
	(194, '2022-11-13 23:51:08', '2022-11-13 23:51:08', 1214, 25, 2.98, 1),
	(195, '2022-11-13 23:51:08', '2022-11-13 23:51:08', 1221, 25, 2.98, 1),
	(196, '2022-11-13 23:51:08', '2022-11-13 23:51:08', 1228, 25, 2.98, 1),
	(197, '2022-11-13 23:51:08', '2022-11-13 23:51:08', 1235, 25, 2.98, 1),
	(198, '2022-11-13 23:51:08', '2022-11-13 23:51:08', 1242, 25, 2.96, 1),
	(199, '2022-11-13 23:51:08', '2022-11-13 23:51:08', 1249, 25, 2.96, 1),
	(200, '2022-11-13 23:51:08', '2022-11-13 23:51:08', 1250, 25, 2.96, 1),
	(201, '2022-11-13 23:51:08', '2022-11-13 23:51:08', 1257, 26, 2.96, 1),
	(202, '2022-11-13 23:51:08', '2022-11-13 23:51:08', 1264, 26, 2.96, 1),
	(203, '2022-11-13 23:51:08', '2022-11-13 23:51:08', 1271, 26, 2.95, 1),
	(204, '2022-11-13 23:51:08', '2022-11-13 23:51:08', 1278, 26, 2.95, 1),
	(205, '2022-11-13 23:51:08', '2022-11-13 23:51:08', 1285, 26, 2.95, 1),
	(206, '2022-11-13 23:51:09', '2022-11-13 23:51:09', 1292, 26, 2.95, 1),
	(207, '2022-11-13 23:51:09', '2022-11-13 23:51:09', 1299, 26, 2.96, 1),
	(208, '2022-11-13 23:51:09', '2022-11-13 23:51:09', 1300, 26, 2.96, 1),
	(209, '2022-11-13 23:51:09', '2022-11-13 23:51:09', 1307, 27, 2.95, 1),
	(210, '2022-11-13 23:51:09', '2022-11-13 23:51:09', 1314, 27, 2.95, 1),
	(211, '2022-11-13 23:51:09', '2022-11-13 23:51:09', 1321, 27, 2.95, 1),
	(212, '2022-11-13 23:51:09', '2022-11-13 23:51:09', 1328, 27, 2.95, 1),
	(213, '2022-11-13 23:51:09', '2022-11-13 23:51:09', 1335, 27, 2.95, 1),
	(214, '2022-11-13 23:51:09', '2022-11-13 23:51:09', 1342, 27, 2.95, 1),
	(215, '2022-11-13 23:51:09', '2022-11-13 23:51:09', 1349, 27, 2.95, 1),
	(216, '2022-11-13 23:51:09', '2022-11-13 23:51:09', 1350, 27, 2.95, 1),
	(217, '2022-11-13 23:51:09', '2022-11-13 23:51:09', 1357, 28, 2.95, 1),
	(218, '2022-11-13 23:51:09', '2022-11-13 23:51:09', 1364, 28, 2.95, 1),
	(219, '2022-11-13 23:51:09', '2022-11-13 23:51:09', 1371, 28, 2.95, 1),
	(220, '2022-11-13 23:51:09', '2022-11-13 23:51:09', 1378, 28, 2.96, 1),
	(221, '2022-11-13 23:51:09', '2022-11-13 23:51:09', 1385, 28, 2.96, 1),
	(222, '2022-11-13 23:51:09', '2022-11-13 23:51:09', 1392, 28, 2.95, 1),
	(223, '2022-11-13 23:51:09', '2022-11-13 23:51:09', 1399, 28, 2.96, 1),
	(224, '2022-11-13 23:51:09', '2022-11-13 23:51:09', 1400, 28, 2.96, 1),
	(225, '2022-11-13 23:51:09', '2022-11-13 23:51:09', 1407, 29, 2.96, 1),
	(226, '2022-11-13 23:51:09', '2022-11-13 23:51:09', 1414, 29, 2.95, 1),
	(227, '2022-11-13 23:51:09', '2022-11-13 23:51:09', 1421, 29, 2.95, 1),
	(228, '2022-11-13 23:51:09', '2022-11-13 23:51:09', 1428, 29, 2.95, 1),
	(229, '2022-11-13 23:51:09', '2022-11-13 23:51:09', 1435, 29, 2.95, 1),
	(230, '2022-11-13 23:51:10', '2022-11-13 23:51:10', 1442, 29, 2.95, 1),
	(231, '2022-11-13 23:51:10', '2022-11-13 23:51:10', 1449, 29, 2.95, 1),
	(232, '2022-11-13 23:51:10', '2022-11-13 23:51:10', 1450, 29, 2.95, 1),
	(233, '2022-11-13 23:51:10', '2022-11-13 23:51:10', 1457, 30, 2.95, 1),
	(234, '2022-11-13 23:51:10', '2022-11-13 23:51:10', 1464, 30, 2.95, 1),
	(235, '2022-11-13 23:51:10', '2022-11-13 23:51:10', 1471, 30, 2.95, 1),
	(236, '2022-11-13 23:51:10', '2022-11-13 23:51:10', 1478, 30, 2.95, 1),
	(237, '2022-11-13 23:51:10', '2022-11-13 23:51:10', 1485, 30, 2.95, 1),
	(238, '2022-11-13 23:51:10', '2022-11-13 23:51:10', 1492, 30, 2.94, 1),
	(239, '2022-11-13 23:51:10', '2022-11-13 23:51:10', 1499, 30, 2.94, 1),
	(240, '2022-11-13 23:51:10', '2022-11-13 23:51:10', 1500, 30, 2.94, 1),
	(241, '2022-11-13 23:51:10', '2022-11-13 23:51:10', 1507, 31, 2.94, 1),
	(242, '2022-11-13 23:51:10', '2022-11-13 23:51:10', 1514, 31, 2.94, 1),
	(243, '2022-11-13 23:51:10', '2022-11-13 23:51:10', 1521, 31, 2.94, 1),
	(244, '2022-11-13 23:51:10', '2022-11-13 23:51:10', 1528, 31, 2.94, 1),
	(245, '2022-11-13 23:51:10', '2022-11-13 23:51:10', 1535, 31, 2.94, 1),
	(246, '2022-11-13 23:51:10', '2022-11-13 23:51:10', 1542, 31, 2.94, 1),
	(247, '2022-11-13 23:51:10', '2022-11-13 23:51:10', 1549, 31, 2.94, 1),
	(248, '2022-11-13 23:51:10', '2022-11-13 23:51:10', 1550, 31, 2.94, 1),
	(249, '2022-11-13 23:51:10', '2022-11-13 23:51:10', 1557, 32, 2.94, 1),
	(250, '2022-11-13 23:51:10', '2022-11-13 23:51:10', 1564, 32, 2.95, 1),
	(251, '2022-11-13 23:51:10', '2022-11-13 23:51:10', 1571, 32, 2.95, 1),
	(252, '2022-11-13 23:51:11', '2022-11-13 23:51:11', 1578, 32, 2.95, 1),
	(253, '2022-11-13 23:51:11', '2022-11-13 23:51:11', 1585, 32, 2.94, 1),
	(254, '2022-11-13 23:51:11', '2022-11-13 23:51:11', 1592, 32, 2.94, 1),
	(255, '2022-11-13 23:51:11', '2022-11-13 23:51:11', 1599, 32, 2.94, 1),
	(256, '2022-11-13 23:51:11', '2022-11-13 23:51:11', 1600, 32, 2.95, 1),
	(257, '2022-11-13 23:51:11', '2022-11-13 23:51:11', 1607, 33, 2.94, 1),
	(258, '2022-11-13 23:51:11', '2022-11-13 23:51:11', 1614, 33, 2.95, 1),
	(259, '2022-11-13 23:51:11', '2022-11-13 23:51:11', 1621, 33, 2.94, 1),
	(260, '2022-11-13 23:51:11', '2022-11-13 23:51:11', 1628, 33, 2.95, 1),
	(261, '2022-11-13 23:51:11', '2022-11-13 23:51:11', 1635, 33, 2.95, 1),
	(262, '2022-11-13 23:51:11', '2022-11-13 23:51:11', 1642, 33, 2.95, 1),
	(263, '2022-11-13 23:51:11', '2022-11-13 23:51:11', 1649, 33, 2.94, 1),
	(264, '2022-11-13 23:51:11', '2022-11-13 23:51:11', 1650, 33, 2.94, 1),
	(265, '2022-11-13 23:51:11', '2022-11-13 23:51:11', 1657, 34, 2.94, 1),
	(266, '2022-11-13 23:51:11', '2022-11-13 23:51:11', 1664, 34, 2.94, 1),
	(267, '2022-11-13 23:51:11', '2022-11-13 23:51:11', 1671, 34, 2.94, 1),
	(268, '2022-11-13 23:51:11', '2022-11-13 23:51:11', 1678, 34, 2.95, 1),
	(269, '2022-11-13 23:51:11', '2022-11-13 23:51:11', 1685, 34, 2.95, 1),
	(270, '2022-11-13 23:51:11', '2022-11-13 23:51:11', 1692, 34, 2.94, 1),
	(271, '2022-11-13 23:51:11', '2022-11-13 23:51:11', 1699, 34, 2.95, 1),
	(272, '2022-11-13 23:51:11', '2022-11-13 23:51:11', 1700, 34, 2.95, 1),
	(273, '2022-11-13 23:51:11', '2022-11-13 23:51:11', 1707, 35, 2.95, 1),
	(274, '2022-11-13 23:51:12', '2022-11-13 23:51:12', 1714, 35, 2.94, 1),
	(275, '2022-11-13 23:51:12', '2022-11-13 23:51:12', 1721, 35, 2.94, 1),
	(276, '2022-11-13 23:51:12', '2022-11-13 23:51:12', 1728, 35, 2.94, 1),
	(277, '2022-11-13 23:51:12', '2022-11-13 23:51:12', 1735, 35, 2.94, 1),
	(278, '2022-11-13 23:51:12', '2022-11-13 23:51:12', 1742, 35, 2.94, 1),
	(279, '2022-11-13 23:51:12', '2022-11-13 23:51:12', 1749, 35, 2.94, 1),
	(280, '2022-11-13 23:51:12', '2022-11-13 23:51:12', 1750, 35, 2.94, 1),
	(281, '2022-11-13 23:51:12', '2022-11-13 23:51:12', 1757, 36, 2.94, 1),
	(282, '2022-11-13 23:51:12', '2022-11-13 23:51:12', 1764, 36, 2.94, 1),
	(283, '2022-11-13 23:51:12', '2022-11-13 23:51:12', 1771, 36, 2.95, 1),
	(284, '2022-11-13 23:51:12', '2022-11-13 23:51:12', 1778, 36, 2.95, 1),
	(285, '2022-11-13 23:51:12', '2022-11-13 23:51:12', 1785, 36, 2.95, 1),
	(286, '2022-11-13 23:51:12', '2022-11-13 23:51:12', 1792, 36, 2.94, 1),
	(287, '2022-11-13 23:51:12', '2022-11-13 23:51:12', 1799, 36, 2.94, 1),
	(288, '2022-11-13 23:51:12', '2022-11-13 23:51:12', 1800, 36, 2.94, 1),
	(289, '2022-11-13 23:51:12', '2022-11-13 23:51:12', 1807, 37, 2.94, 1),
	(290, '2022-11-13 23:51:12', '2022-11-13 23:51:12', 1814, 37, 2.94, 1),
	(291, '2022-11-13 23:51:12', '2022-11-13 23:51:12', 1821, 37, 2.94, 1),
	(292, '2022-11-13 23:51:12', '2022-11-13 23:51:12', 1828, 37, 2.94, 1),
	(293, '2022-11-13 23:51:13', '2022-11-13 23:51:13', 1835, 37, 2.94, 1),
	(294, '2022-11-13 23:51:13', '2022-11-13 23:51:13', 1842, 37, 2.94, 1),
	(295, '2022-11-13 23:51:13', '2022-11-13 23:51:13', 1849, 37, 2.94, 1),
	(296, '2022-11-13 23:51:13', '2022-11-13 23:51:13', 1850, 37, 2.94, 1),
	(297, '2022-11-13 23:51:13', '2022-11-13 23:51:13', 1857, 38, 2.94, 1),
	(298, '2022-11-13 23:51:13', '2022-11-13 23:51:13', 1864, 38, 2.93, 1),
	(299, '2022-11-13 23:51:13', '2022-11-13 23:51:13', 1871, 38, 2.93, 1),
	(300, '2022-11-13 23:51:13', '2022-11-13 23:51:13', 1878, 38, 2.94, 1),
	(301, '2022-11-13 23:51:13', '2022-11-13 23:51:13', 1885, 38, 2.94, 1),
	(302, '2022-11-13 23:51:13', '2022-11-13 23:51:13', 1892, 38, 2.94, 1),
	(303, '2022-11-13 23:51:13', '2022-11-13 23:51:13', 1899, 38, 2.94, 1),
	(304, '2022-11-13 23:51:13', '2022-11-13 23:51:13', 1900, 38, 2.94, 1),
	(305, '2022-11-13 23:51:13', '2022-11-13 23:51:13', 1907, 39, 2.94, 1),
	(306, '2022-11-13 23:51:13', '2022-11-13 23:51:13', 1914, 39, 2.94, 1),
	(307, '2022-11-13 23:51:13', '2022-11-13 23:51:13', 1921, 39, 2.94, 1),
	(308, '2022-11-13 23:51:13', '2022-11-13 23:51:13', 1928, 39, 2.94, 1),
	(309, '2022-11-13 23:51:13', '2022-11-13 23:51:13', 1935, 39, 2.95, 1),
	(310, '2022-11-13 23:51:13', '2022-11-13 23:51:13', 1942, 39, 2.95, 1),
	(311, '2022-11-13 23:51:13', '2022-11-13 23:51:13', 1949, 39, 2.94, 1),
	(312, '2022-11-13 23:51:13', '2022-11-13 23:51:13', 1950, 39, 2.94, 1),
	(313, '2022-11-13 23:51:13', '2022-11-13 23:51:13', 1957, 40, 2.94, 1),
	(314, '2022-11-13 23:51:13', '2022-11-13 23:51:13', 1964, 40, 2.94, 1),
	(315, '2022-11-13 23:51:14', '2022-11-13 23:51:14', 1971, 40, 2.95, 1),
	(316, '2022-11-13 23:51:14', '2022-11-13 23:51:14', 1978, 40, 2.95, 1),
	(317, '2022-11-13 23:51:14', '2022-11-13 23:51:14', 1985, 40, 2.95, 1),
	(318, '2022-11-13 23:51:14', '2022-11-13 23:51:14', 1992, 40, 2.95, 1),
	(319, '2022-11-13 23:51:14', '2022-11-13 23:51:14', 1999, 40, 2.95, 1),
	(320, '2022-11-13 23:51:14', '2022-11-13 23:51:14', 2000, 40, 2.95, 1),
	(321, '2022-11-13 23:51:14', '2022-11-13 23:51:14', 2007, 41, 2.95, 1),
	(322, '2022-11-13 23:51:14', '2022-11-13 23:51:14', 2014, 41, 2.95, 1),
	(323, '2022-11-13 23:51:14', '2022-11-13 23:51:14', 2021, 41, 2.94, 1),
	(324, '2022-11-13 23:51:14', '2022-11-13 23:51:14', 2028, 41, 2.94, 1),
	(325, '2022-11-13 23:51:14', '2022-11-13 23:51:14', 2035, 41, 2.95, 1),
	(326, '2022-11-13 23:51:14', '2022-11-13 23:51:14', 2042, 41, 2.95, 1),
	(327, '2022-11-13 23:51:14', '2022-11-13 23:51:14', 2049, 41, 2.95, 1),
	(328, '2022-11-13 23:51:14', '2022-11-13 23:51:14', 2050, 41, 2.95, 1),
	(329, '2022-11-13 23:51:14', '2022-11-13 23:51:14', 2057, 42, 2.95, 1),
	(330, '2022-11-13 23:51:14', '2022-11-13 23:51:14', 2064, 42, 2.94, 1),
	(331, '2022-11-13 23:51:14', '2022-11-13 23:51:14', 2071, 42, 2.94, 1),
	(332, '2022-11-13 23:51:14', '2022-11-13 23:51:14', 2078, 42, 2.94, 1),
	(333, '2022-11-13 23:51:14', '2022-11-13 23:51:14', 2085, 42, 2.94, 1),
	(334, '2022-11-13 23:51:14', '2022-11-13 23:51:14', 2092, 42, 2.94, 1),
	(335, '2022-11-13 23:51:14', '2022-11-13 23:51:14', 2099, 42, 2.94, 1),
	(336, '2022-11-13 23:51:14', '2022-11-13 23:51:14', 2100, 42, 2.93, 1),
	(337, '2022-11-13 23:51:14', '2022-11-13 23:51:14', 2107, 43, 2.93, 1),
	(338, '2022-11-13 23:51:15', '2022-11-13 23:51:15', 2114, 43, 2.93, 1),
	(339, '2022-11-13 23:51:15', '2022-11-13 23:51:15', 2121, 43, 2.93, 1),
	(340, '2022-11-13 23:51:15', '2022-11-13 23:51:15', 2128, 43, 2.93, 1),
	(341, '2022-11-13 23:51:15', '2022-11-13 23:51:15', 2135, 43, 2.93, 1),
	(342, '2022-11-13 23:51:15', '2022-11-13 23:51:15', 2142, 43, 2.93, 1),
	(343, '2022-11-13 23:51:15', '2022-11-13 23:51:15', 2149, 43, 2.93, 1),
	(344, '2022-11-13 23:51:15', '2022-11-13 23:51:15', 2150, 43, 2.93, 1),
	(345, '2022-11-13 23:51:15', '2022-11-13 23:51:15', 2157, 44, 2.93, 1),
	(346, '2022-11-13 23:51:15', '2022-11-13 23:51:15', 2164, 44, 2.93, 1),
	(347, '2022-11-13 23:51:15', '2022-11-13 23:51:15', 2171, 44, 2.93, 1),
	(348, '2022-11-13 23:51:15', '2022-11-13 23:51:15', 2178, 44, 2.94, 1),
	(349, '2022-11-13 23:51:15', '2022-11-13 23:51:15', 2185, 44, 2.94, 1),
	(350, '2022-11-13 23:51:15', '2022-11-13 23:51:15', 2192, 44, 2.94, 1),
	(351, '2022-11-13 23:51:15', '2022-11-13 23:51:15', 2199, 44, 2.94, 1),
	(352, '2022-11-13 23:51:15', '2022-11-13 23:51:15', 2200, 44, 2.94, 1),
	(353, '2022-11-13 23:51:15', '2022-11-13 23:51:15', 2207, 45, 2.94, 1),
	(354, '2022-11-13 23:51:15', '2022-11-13 23:51:15', 2214, 45, 2.94, 1),
	(355, '2022-11-13 23:51:15', '2022-11-13 23:51:15', 2221, 45, 2.94, 1),
	(356, '2022-11-13 23:51:15', '2022-11-13 23:51:15', 2228, 45, 2.94, 1),
	(357, '2022-11-13 23:51:15', '2022-11-13 23:51:15', 2235, 45, 2.94, 1),
	(358, '2022-11-13 23:51:15', '2022-11-13 23:51:15', 2242, 45, 2.94, 1),
	(359, '2022-11-13 23:51:15', '2022-11-13 23:51:15', 2249, 45, 2.94, 1),
	(360, '2022-11-13 23:51:15', '2022-11-13 23:51:15', 2250, 45, 2.94, 1),
	(361, '2022-11-13 23:51:16', '2022-11-13 23:51:16', 2257, 46, 2.94, 1),
	(362, '2022-11-13 23:51:16', '2022-11-13 23:51:16', 2264, 46, 2.94, 1),
	(363, '2022-11-13 23:51:16', '2022-11-13 23:51:16', 2271, 46, 2.94, 1),
	(364, '2022-11-13 23:51:16', '2022-11-13 23:51:16', 2278, 46, 2.94, 1),
	(365, '2022-11-13 23:51:16', '2022-11-13 23:51:16', 2285, 46, 2.94, 1),
	(366, '2022-11-13 23:51:16', '2022-11-13 23:51:16', 2292, 46, 2.94, 1),
	(367, '2022-11-13 23:51:16', '2022-11-13 23:51:16', 2299, 46, 2.94, 1),
	(368, '2022-11-13 23:51:16', '2022-11-13 23:51:16', 2300, 46, 2.94, 1),
	(369, '2022-11-13 23:51:16', '2022-11-13 23:51:16', 2307, 47, 2.94, 1),
	(370, '2022-11-13 23:51:16', '2022-11-13 23:51:16', 2314, 47, 2.94, 1),
	(371, '2022-11-13 23:51:16', '2022-11-13 23:51:16', 2321, 47, 2.94, 1),
	(372, '2022-11-13 23:51:16', '2022-11-13 23:51:16', 2328, 47, 2.94, 1),
	(373, '2022-11-13 23:51:16', '2022-11-13 23:51:16', 2335, 47, 2.94, 1),
	(374, '2022-11-13 23:51:16', '2022-11-13 23:51:16', 2342, 47, 2.94, 1),
	(375, '2022-11-13 23:51:16', '2022-11-13 23:51:16', 2349, 47, 2.94, 1),
	(376, '2022-11-13 23:51:16', '2022-11-13 23:51:16', 2350, 47, 2.94, 1),
	(377, '2022-11-13 23:51:16', '2022-11-13 23:51:16', 2357, 48, 2.94, 1),
	(378, '2022-11-13 23:51:16', '2022-11-13 23:51:16', 2364, 48, 2.94, 1),
	(379, '2022-11-13 23:51:16', '2022-11-13 23:51:16', 2371, 48, 2.94, 1),
	(380, '2022-11-13 23:51:16', '2022-11-13 23:51:16', 2378, 48, 2.94, 1),
	(381, '2022-11-13 23:51:16', '2022-11-13 23:51:16', 2385, 48, 2.94, 1),
	(382, '2022-11-13 23:51:16', '2022-11-13 23:51:16', 2392, 48, 2.94, 1),
	(383, '2022-11-13 23:51:16', '2022-11-13 23:51:16', 2399, 48, 2.94, 1),
	(384, '2022-11-13 23:51:16', '2022-11-13 23:51:16', 2400, 48, 2.94, 1),
	(385, '2022-11-13 23:51:17', '2022-11-13 23:51:17', 2407, 49, 2.95, 1),
	(386, '2022-11-13 23:51:17', '2022-11-13 23:51:17', 2414, 49, 2.95, 1),
	(387, '2022-11-13 23:51:17', '2022-11-13 23:51:17', 2421, 49, 2.95, 1),
	(388, '2022-11-13 23:51:17', '2022-11-13 23:51:17', 2428, 49, 2.94, 1),
	(389, '2022-11-13 23:51:17', '2022-11-13 23:51:17', 2435, 49, 2.94, 1),
	(390, '2022-11-13 23:51:17', '2022-11-13 23:51:17', 2442, 49, 2.94, 1),
	(391, '2022-11-13 23:51:17', '2022-11-13 23:51:17', 2449, 49, 2.94, 1),
	(392, '2022-11-13 23:51:17', '2022-11-13 23:51:17', 2450, 49, 2.94, 1),
	(393, '2022-11-13 23:51:17', '2022-11-13 23:51:17', 2457, 50, 2.94, 1),
	(394, '2022-11-13 23:51:17', '2022-11-13 23:51:17', 2464, 50, 2.94, 1),
	(395, '2022-11-13 23:51:17', '2022-11-13 23:51:17', 2471, 50, 2.94, 1),
	(396, '2022-11-13 23:51:17', '2022-11-13 23:51:17', 2478, 50, 2.94, 1),
	(397, '2022-11-13 23:51:17', '2022-11-13 23:51:17', 2485, 50, 2.94, 1),
	(398, '2022-11-13 23:51:17', '2022-11-13 23:51:17', 2492, 50, 2.93, 1),
	(399, '2022-11-13 23:51:17', '2022-11-13 23:51:17', 2499, 50, 2.93, 1),
	(400, '2022-11-13 23:51:17', '2022-11-13 23:51:17', 2500, 50, 2.94, 1);
/*!40000 ALTER TABLE `semester_results` ENABLE KEYS */;

-- Dumping structure for table cgpa.students
CREATE TABLE IF NOT EXISTS `students` (
  `id` bigint unsigned NOT NULL AUTO_INCREMENT,
  `created_at` timestamp NULL DEFAULT NULL,
  `updated_at` timestamp NULL DEFAULT NULL,
  `name` varchar(255) COLLATE utf8mb4_unicode_ci NOT NULL,
  `roll` int NOT NULL,
  `status` int NOT NULL DEFAULT '1',
  PRIMARY KEY (`id`),
  UNIQUE KEY `students_roll_unique` (`roll`)
) ENGINE=InnoDB AUTO_INCREMENT=51 DEFAULT CHARSET=utf8mb4 COLLATE=utf8mb4_unicode_ci;

-- Dumping data for table cgpa.students: ~50 rows (approximately)
/*!40000 ALTER TABLE `students` DISABLE KEYS */;
INSERT INTO `students` (`id`, `created_at`, `updated_at`, `name`, `roll`, `status`) VALUES
	(1, '2022-11-13 00:44:40', '2022-11-13 00:44:40', 'Julianne Bechtelar', 806147, 1),
	(2, '2022-11-13 00:44:41', '2022-11-13 00:44:41', 'Marques Raynor Sr.', 545111, 1),
	(3, '2022-11-13 00:44:41', '2022-11-13 00:44:41', 'Roberto Mitchell', 760658, 1),
	(4, '2022-11-13 00:44:41', '2022-11-13 00:44:41', 'Eudora Spinka', 968354, 1),
	(5, '2022-11-13 00:44:41', '2022-11-13 00:44:41', 'Sophia Kuphal', 520369, 1),
	(6, '2022-11-13 00:44:41', '2022-11-13 00:44:41', 'Marcelina Mohr', 750719, 1),
	(7, '2022-11-13 00:44:41', '2022-11-13 00:44:41', 'Mohamed Mosciski DVM', 160403, 1),
	(8, '2022-11-13 00:44:41', '2022-11-13 00:44:41', 'Gideon Glover IV', 230181, 1),
	(9, '2022-11-13 00:44:41', '2022-11-13 00:44:41', 'Crawford Halvorson', 264797, 1),
	(10, '2022-11-13 00:44:41', '2022-11-13 00:44:41', 'Presley Hudson', 846342, 1),
	(11, '2022-11-13 00:44:41', '2022-11-13 00:44:41', 'Kaya Halvorson', 775207, 1),
	(12, '2022-11-13 00:44:41', '2022-11-13 00:44:41', 'Bethany Trantow', 334553, 1),
	(13, '2022-11-13 00:44:41', '2022-11-13 00:44:41', 'Enos Harber', 286560, 1),
	(14, '2022-11-13 00:44:41', '2022-11-13 00:44:41', 'Vaughn Runolfsdottir', 414941, 1),
	(15, '2022-11-13 00:44:41', '2022-11-13 00:44:41', 'Marianne Senger', 468304, 1),
	(16, '2022-11-13 00:44:41', '2022-11-13 00:44:41', 'Mrs. Jadyn VonRueden IV', 161990, 1),
	(17, '2022-11-13 00:44:41', '2022-11-13 00:44:41', 'Dariana Pollich', 787422, 1),
	(18, '2022-11-13 00:44:41', '2022-11-13 00:44:41', 'Dr. Toby Fisher IV', 761094, 1),
	(19, '2022-11-13 00:44:41', '2022-11-13 00:44:41', 'Mr. Kiel Sanford Jr.', 159266, 1),
	(20, '2022-11-13 00:44:41', '2022-11-13 00:44:41', 'Julius Rempel', 227848, 1),
	(21, '2022-11-13 00:44:41', '2022-11-13 00:44:41', 'Helene Nitzsche', 168453, 1),
	(22, '2022-11-13 00:44:41', '2022-11-13 00:44:41', 'Lucius Hartmann', 279839, 1),
	(23, '2022-11-13 00:44:41', '2022-11-13 00:44:41', 'Vivianne Wunsch', 148569, 1),
	(24, '2022-11-13 00:44:41', '2022-11-13 00:44:41', 'Bart Reichert', 382009, 1),
	(25, '2022-11-13 00:44:41', '2022-11-13 00:44:41', 'Nathanial Kihn Sr.', 487990, 1),
	(26, '2022-11-13 00:44:41', '2022-11-13 00:44:41', 'Alivia Hahn', 622240, 1),
	(27, '2022-11-13 00:44:41', '2022-11-13 00:44:41', 'Vicenta Kautzer', 793783, 1),
	(28, '2022-11-13 00:44:41', '2022-11-13 00:44:41', 'Isaias Wuckert', 890261, 1),
	(29, '2022-11-13 00:44:41', '2022-11-13 00:44:41', 'Prof. Sylvan Dickens', 169025, 1),
	(30, '2022-11-13 00:44:41', '2022-11-13 00:44:41', 'Ariane Dibbert', 135175, 1),
	(31, '2022-11-13 00:44:41', '2022-11-13 00:44:41', 'Prof. Rogers Price', 462310, 1),
	(32, '2022-11-13 00:44:41', '2022-11-13 00:44:41', 'Charlie Franecki', 671254, 1),
	(33, '2022-11-13 00:44:41', '2022-11-13 00:44:41', 'Wendy Schowalter', 972362, 1),
	(34, '2022-11-13 00:44:41', '2022-11-13 00:44:41', 'Audra Cummings', 739316, 1),
	(35, '2022-11-13 00:44:41', '2022-11-13 00:44:41', 'Dr. Demetrius Hansen DVM', 534437, 1),
	(36, '2022-11-13 00:44:41', '2022-11-13 00:44:41', 'Gudrun Donnelly', 717042, 1),
	(37, '2022-11-13 00:44:41', '2022-11-13 00:44:41', 'Joesph Klein', 527063, 1),
	(38, '2022-11-13 00:44:41', '2022-11-13 00:44:41', 'Euna Bergstrom', 959093, 1),
	(39, '2022-11-13 00:44:41', '2022-11-13 00:44:41', 'Dr. Nickolas Heathcote Jr.', 937406, 1),
	(40, '2022-11-13 00:44:41', '2022-11-13 00:44:41', 'Bonnie Buckridge', 953787, 1),
	(41, '2022-11-13 00:44:41', '2022-11-13 00:44:41', 'Miss Providenci Ward DVM', 936631, 1),
	(42, '2022-11-13 00:44:41', '2022-11-13 00:44:41', 'Sim Rodriguez', 780548, 1),
	(43, '2022-11-13 00:44:41', '2022-11-13 00:44:41', 'Daisy Purdy', 140226, 1),
	(44, '2022-11-13 00:44:41', '2022-11-13 00:44:41', 'Mrs. Tressa Rogahn DVM', 254685, 1),
	(45, '2022-11-13 00:44:41', '2022-11-13 00:44:41', 'Dr. Melvina Breitenberg', 983408, 1),
	(46, '2022-11-13 00:44:41', '2022-11-13 00:44:41', 'Jany Gutmann I', 698567, 1),
	(47, '2022-11-13 00:44:41', '2022-11-13 00:44:41', 'Barton Blick', 807494, 1),
	(48, '2022-11-13 00:44:41', '2022-11-13 00:44:41', 'Camren Rath', 348776, 1),
	(49, '2022-11-13 00:44:41', '2022-11-13 00:44:41', 'Ella Paucek', 907087, 1),
	(50, '2022-11-13 00:44:41', '2022-11-13 00:44:41', 'Nestor Friesen', 414114, 1);
/*!40000 ALTER TABLE `students` ENABLE KEYS */;

-- Dumping structure for table cgpa.subjects
CREATE TABLE IF NOT EXISTS `subjects` (
  `id` bigint unsigned NOT NULL AUTO_INCREMENT,
  `created_at` timestamp NULL DEFAULT NULL,
  `updated_at` timestamp NULL DEFAULT NULL,
  `name` varchar(255) COLLATE utf8mb4_unicode_ci NOT NULL,
  `code` int NOT NULL,
  `semester_id` int NOT NULL,
  `cradit` int NOT NULL,
  `total` int NOT NULL,
  `status` int NOT NULL,
  PRIMARY KEY (`id`),
  UNIQUE KEY `subjects_code_unique` (`code`)
) ENGINE=InnoDB AUTO_INCREMENT=55 DEFAULT CHARSET=utf8mb4 COLLATE=utf8mb4_unicode_ci;

-- Dumping data for table cgpa.subjects: ~0 rows (approximately)
/*!40000 ALTER TABLE `subjects` DISABLE KEYS */;
INSERT INTO `subjects` (`id`, `created_at`, `updated_at`, `name`, `code`, `semester_id`, `cradit`, `total`, `status`) VALUES
	(1, NULL, NULL, 'Computer Application', 66611, 1, 8, 100, 1),
	(2, NULL, NULL, 'Electrical Engineering Fundamentals', 66712, 1, 10, 200, 1),
	(3, NULL, NULL, 'Mathematics1', 65911, 1, 10, 200, 1),
	(4, NULL, NULL, 'Physics1', 65912, 1, 10, 200, 1),
	(5, NULL, NULL, 'Bangla', 65711, 1, 10, 200, 1),
	(6, NULL, NULL, 'English', 65712, 1, 4, 100, 1),
	(7, NULL, NULL, 'PhysicalEducation', 65812, 1, 4, 50, 1),
	(8, NULL, NULL, 'Database Application', 66621, 2, 8, 100, 1),
	(9, NULL, NULL, 'IT support System-I', 66622, 2, 8, 100, 1),
	(10, NULL, NULL, 'Graphics Design-I', 66623, 2, 8, 100, 1),
	(11, NULL, NULL, 'Analog Electronics', 66823, 2, 10, 200, 1),
	(12, NULL, NULL, 'Mathematics-2', 65921, 2, 10, 200, 1),
	(13, NULL, NULL, 'Physics-2', 65922, 2, 10, 200, 1),
	(14, NULL, NULL, 'Communicative English', 65722, 2, 6, 100, 1),
	(15, NULL, NULL, 'Programming Essentials', 66631, 3, 8, 150, 1),
	(16, NULL, NULL, 'Web Design', 66632, 3, 8, 150, 1),
	(17, NULL, NULL, 'Graphics designII', 66633, 3, 8, 100, 1),
	(18, NULL, NULL, 'IT support SystemII', 66634, 3, 8, 100, 1),
	(19, NULL, NULL, 'Mathematics3', 65931, 3, 10, 200, 1),
	(20, NULL, NULL, 'Chemistry', 65913, 3, 10, 200, 1),
	(21, NULL, NULL, 'Social Science', 65811, 3, 6, 150, 1),
	(22, NULL, NULL, 'Object Oriented Programming', 66641, 4, 8, 150, 1),
	(23, NULL, NULL, 'Data Structure & Algorithm', 66642, 4, 8, 150, 1),
	(24, NULL, NULL, 'Web Development', 66643, 4, 8, 100, 1),
	(25, NULL, NULL, 'Data Communication System', 66644, 4, 12, 200, 1),
	(26, NULL, NULL, 'Computer Peripherals', 66645, 4, 10, 150, 1),
	(27, NULL, NULL, 'Principle of Digital Electronics', 66842, 4, 10, 200, 1),
	(28, NULL, NULL, 'BusinessOrganization', 65841, 4, 4, 100, 1),
	(29, NULL, NULL, 'Programming in Java', 66651, 5, 8, 150, 1),
	(30, NULL, NULL, 'Operating Systems application', 66652, 5, 8, 150, 1),
	(31, NULL, NULL, 'Surveillance Security System', 66653, 5, 10, 150, 1),
	(32, NULL, NULL, 'Web Development Project', 66654, 5, 8, 100, 1),
	(33, NULL, NULL, 'Sequential Logic System', 66655, 5, 10, 200, 1),
	(34, NULL, NULL, 'PCB Design and Circuit Making', 66656, 5, 8, 100, 1),
	(35, NULL, NULL, 'Accounting', 65851, 5, 8, 150, 1),
	(40, NULL, NULL, 'Principals of Software Engineering', 66661, 6, 12, 200, 1),
	(41, NULL, NULL, 'Microprocessor & Interfacing', 66662, 6, 8, 150, 1),
	(42, NULL, NULL, 'Microcontroller Application', 66663, 6, 8, 100, 1),
	(43, NULL, NULL, 'Database Management System', 66664, 6, 8, 150, 1),
	(44, NULL, NULL, 'Optional subjects 1', 66660, 6, 8, 150, 1),
	(45, NULL, NULL, 'Environmental Studies', 64054, 6, 4, 100, 1),
	(46, NULL, NULL, 'Industrial Management', 65852, 6, 4, 100, 1),
	(47, NULL, NULL, 'System Analysis & Design', 66671, 7, 8, 150, 1),
	(48, NULL, NULL, 'NetworkAdministration&Services', 66672, 7, 12, 200, 1),
	(49, NULL, NULL, 'Apps Development Project', 66673, 7, 8, 100, 1),
	(50, NULL, NULL, 'ECommerce & CMS', 66674, 7, 12, 200, 1),
	(51, NULL, NULL, 'Cyber Security & Ethics', 66675, 7, 6, 100, 1),
	(52, NULL, NULL, 'Optional subjectsII', 66670, 7, 8, 150, 1),
	(53, NULL, NULL, 'Innovation & Entrepreneurship', 65853, 7, 4, 100, 1),
	(54, NULL, NULL, 'Industrial Attachment', 0, 8, 6, 300, 1);
/*!40000 ALTER TABLE `subjects` ENABLE KEYS */;

-- Dumping structure for table cgpa.users
CREATE TABLE IF NOT EXISTS `users` (
  `id` bigint unsigned NOT NULL AUTO_INCREMENT,
  `name` varchar(255) COLLATE utf8mb4_unicode_ci NOT NULL,
  `email` varchar(255) COLLATE utf8mb4_unicode_ci NOT NULL,
  `email_verified_at` timestamp NULL DEFAULT NULL,
  `password` varchar(255) COLLATE utf8mb4_unicode_ci NOT NULL,
  `remember_token` varchar(100) COLLATE utf8mb4_unicode_ci DEFAULT NULL,
  `created_at` timestamp NULL DEFAULT NULL,
  `updated_at` timestamp NULL DEFAULT NULL,
  PRIMARY KEY (`id`),
  UNIQUE KEY `users_email_unique` (`email`)
) ENGINE=InnoDB DEFAULT CHARSET=utf8mb4 COLLATE=utf8mb4_unicode_ci;

-- Dumping data for table cgpa.users: ~0 rows (approximately)
/*!40000 ALTER TABLE `users` DISABLE KEYS */;
/*!40000 ALTER TABLE `users` ENABLE KEYS */;

/*!40101 SET SQL_MODE=IFNULL(@OLD_SQL_MODE, '') */;
/*!40014 SET FOREIGN_KEY_CHECKS=IFNULL(@OLD_FOREIGN_KEY_CHECKS, 1) */;
/*!40101 SET CHARACTER_SET_CLIENT=@OLD_CHARACTER_SET_CLIENT */;
/*!40111 SET SQL_NOTES=IFNULL(@OLD_SQL_NOTES, 1) */;
